Lot,Pen,Tag Color,Program Type,Breed,Zone,In Date,Ship Date,DOF,DBS,30 Month Date,In Wt,Current Wt,Sex,Risk,Owner,Origin,Buyer,Receive,Live,Home,Buller,Hosp,Hosp%,Ship,Dead,Dead%,Transfer Out,1st Pull,1st Pull%,2nd Pull,2nd Pull%,Total Pull,Total Pull%,Railed,Railed%,Mass Proc $,Mass Proc $/hd,Mass Trmt $,Mass Trmt $/hd,Trmt $,Trmt $/hd,4D Avg,4D DM Avg,7D Avg,7D DM Avg,14D Avg,14D DM Avg,Fed/Hd,DM Fed/Hd,Ration,Phase,DOP,DOR,ADG,Avg Dly Cst,LTD Avg,LTD DM Avg,DTTR,CV% 4D,CV% 4D DM,CV% 7D,CV% 7D DM,CV% 14D,CV% 14D DM,CV% LTD,CV% LTD DM,Note,Area/Hd,Lot Desc,...71
201,HAYPEN,NA,NA,NA,NA,10/10/22,08/24/24,611,74,NA,510,"2,441",Mixed,Unknown,1NC.,1WFI,NA,9,3,3,0,0,0.00,1,5,55.56,0,6.00,66.67,3.00,50.00,14.00,155.56,0,0.00,190.62,21.18,0.00,0.00,219.81,24.42,0.0,0.0,0.8,0.4,0.8,0.4,0.0,0.0,NA,DFTPHS,138,138,3.16,0.00,14.9,8.6,0,0.00,0.00,0.00,0.00,10.83,15.56,74.57,75.33,mixed ranch tags,0,NA,NA
202,204,ORANGE,NA,NA,NA,10/13/22,10/05/24,608,116,NA,714,"1,367",Steer,Unknown,1NC.,2 KS,NA,277,4,4,0,0,0.00,270,3,1.08,0,80.00,28.88,14.00,17.50,102.00,36.82,1,0.36,"5,317.37",19.20,0.00,0.00,"2,103.83",7.60,39.0,26.4,38.3,25.9,40.1,27.1,40.9,27.7,F5W,F5W,40,40,1.07,0.05,37.1,24.3,489,2.89,2.93,3.25,3.34,6.44,6.42,66.31,65.91,MCC,0,NA,NA
202,BURDICK,ORANGE,NA,NA,NA,10/13/22,08/09/24,608,59,NA,581,"1,323",Steer,Unknown,1NC.,2 KS,NA,14,2,2,0,0,0.00,5,7,50.00,0,12.00,85.71,9.00,75.00,24.00,171.43,5,35.71,153.21,10.94,0.00,0.00,461.09,32.93,0.0,0.0,0.0,0.0,0.0,0.0,0.0,0.0,NA,DFTPHS,103,103,1.22,0.00,21.2,11.9,0,0.00,0.00,0.00,0.00,0.00,0.00,19.29,18.06,MCC,0,NA,NA
202,HAYPEN,ORANGE,NA,NA,NA,10/13/22,08/09/24,608,59,NA,650,"1,475",Steer,Unknown,1NC.,2 KS,NA,1,1,1,0,0,0.00,0,0,0.00,0,0.00,0.00,0.00,0.00,0.00,0.00,0,0.00,9.54,9.54,0.00,0.00,0.00,0.00,0.0,0.0,0.8,0.4,0.8,0.4,0.0,0.0,NA,DFTPHS,138,138,1.36,0.00,14.9,8.6,0,0.00,0.00,0.00,0.00,10.83,15.56,74.57,75.33,MCC,0,NA,NA
203,204,YELLOW,NA,NA,NA,10/19/22,01/16/23,602,-512,NA,525,"2,672",Mixed,Unknown,1NC.,3try,NA,16,3,3,0,0,0.00,12,1,6.25,0,3.82,23.86,1.91,50.00,5.73,35.80,0,0.00,387.09,24.19,0.00,0.00,59.79,3.74,39.0,26.4,38.3,25.9,40.1,27.1,40.9,27.7,F5W,F5W,40,40,3.57,0.25,37.1,24.3,489,2.89,2.93,3.25,3.34,6.44,6.42,66.31,65.91,NA,0,NA,NA
204,204,YELLOW,NA,NA,NA,10/28/22,08/24/24,593,74,NA,550,"1,249",Steer,Unknown,1NC.,4ERS,NA,79,4,4,0,0,0.00,72,3,3.80,0,34.94,44.23,5.19,14.87,43.13,54.60,0,0.00,"1,626.77",20.59,0.00,0.00,719.90,9.11,39.0,26.4,38.3,25.9,40.1,27.1,40.9,27.7,F5W,F5W,40,40,1.18,0.10,37.1,24.3,489,2.89,2.93,3.25,3.34,6.44,6.42,66.31,65.91,NA,0,NA,NA
205,204,ORANGE,NA,NA,NA,11/11/22,09/07/24,579,88,NA,500,"1,259",Steer,Unknown,1NC.,4ERS,NA,20,6,6,0,0,0.00,14,0,0.00,0,6.00,30.00,2.00,33.33,9.00,45.00,0,0.00,618.60,30.93,40.31,2.02,158.64,7.93,39.0,26.4,38.3,25.9,40.1,27.1,40.9,27.7,F5W,F5W,40,40,1.31,0.30,37.1,24.3,489,2.89,2.93,3.25,3.34,6.44,6.42,66.31,65.91,NA,0,NA,NA
205,HAYPEN,ORANGE,NA,NA,NA,11/11/22,09/07/24,579,88,NA,500,"1,362",Steer,Unknown,1NC.,4ERS,NA,4,3,3,0,0,0.00,1,0,0.00,0,3.00,75.00,3.00,100.00,13.00,325.00,1,25.00,29.16,7.29,8.06,2.02,214.20,53.55,0.0,0.0,0.8,0.4,0.8,0.4,0.0,0.0,NA,DFTPHS,138,138,1.49,0.00,14.9,8.6,0,0.00,0.00,0.00,0.00,10.83,15.56,74.57,75.33,NA,0,NA,NA
207,204,YELLOW,NA,NA,NA,02/06/23,10/06/23,492,-249,NA,700,"1,567",Steer,Unknown,1NC.,5MCC,NA,9,1,1,0,0,0.00,6,2,22.22,0,3.00,33.33,0.00,0.00,3.00,33.33,0,0.00,269.09,29.90,0.00,0.00,33.22,3.69,39.0,26.4,38.3,25.9,40.1,27.1,40.9,27.7,F5W,F5W,40,40,1.76,0.41,37.1,24.3,489,2.89,2.93,3.25,3.34,6.44,6.42,66.31,65.91,NA,0,NA,NA
208,102,NA,NA,NA,NA,12/21/23,04/08/25,174,301,NA,600,946,Steer,Unknown,1NC.,6man,NA,2,2,2,0,0,0.00,0,0,0.00,0,2.00,100.00,0.00,0.00,2.00,100.00,0,0.00,34.14,17.07,0.00,0.00,60.87,30.44,39.3,26.6,39.2,26.5,38.7,26.2,39.0,26.4,F5W,F5W,40,40,1.99,2.00,31.4,20.3,88,1.36,1.26,1.16,1.11,1.96,1.93,16.96,21.63,NA,0,NA,NA
208,105,NA,NA,NA,NA,04/27/23,12/24/24,412,196,NA,650,"1,209",Mixed,Unknown,1NC.,6man,NA,2,1,1,0,0,0.00,1,0,0.00,0,0.00,0.00,0.00,0.00,0.00,0.00,0,0.00,28.39,14.20,0.00,0.00,0.00,0.00,37.3,25.2,35.5,24.0,39.4,26.6,43.8,29.6,F5W,F5W,40,40,1.36,0.37,30.6,19.3,343,13.28,13.29,13.51,13.50,18.95,18.95,28.55,33.56,NA,0,NA,NA
208,204,NA,NA,NA,NA,04/27/23,12/24/24,412,196,NA,650,"1,267",Mixed,Unknown,1NC.,6man,NA,3,1,1,0,0,0.00,2,0,0.00,0,0.00,0.00,0.00,0.00,0.00,0.00,0,0.00,42.59,14.20,0.00,0.00,0.00,0.00,39.0,26.4,38.3,25.9,40.1,27.1,40.9,27.7,F5W,F5W,40,40,1.50,0.84,37.1,24.3,489,2.89,2.93,3.25,3.34,6.44,6.42,66.31,65.91,NA,0,NA,NA
208,BURDICK,NA,NA,NA,NA,04/11/24,03/11/26,62,638,NA,500,593,Mixed,Unknown,1NC.,6man,NA,3,3,3,0,0,0.00,0,0,0.00,0,0.00,0.00,0.00,0.00,0.00,0.00,0,0.00,42.06,14.02,0.00,0.00,0.00,0.00,0.0,0.0,0.0,0.0,0.0,0.0,0.0,0.0,NA,DFTPHS,103,103,1.50,0.37,21.2,11.9,0,0.00,0.00,0.00,0.00,0.00,0.00,19.29,18.06,NA,0,NA,NA
208,SH1,NA,NA,NA,NA,04/11/24,03/11/26,62,638,NA,500,593,Mixed,Unknown,1NC.,6man,NA,2,2,2,0,0,0.00,0,0,0.00,0,0.00,0.00,0.00,0.00,0.00,0.00,0,0.00,28.04,14.02,0.00,0.00,0.00,0.00,0.0,0.0,0.0,0.0,0.0,0.0,0.0,0.0,NA,GRASS,123,81,1.50,1.13,22.6,12.6,0,0.00,0.00,0.00,0.00,0.00,0.00,29.51,29.79,NA,0,NA,NA
208,SO2,NA,NA,NA,NA,06/05/24,02/27/26,7,626,NA,550,561,Mixed,Unknown,1NC.,6man,NA,2,2,2,0,0,0.00,0,0,0.00,0,0.00,0.00,0.00,0.00,0.00,0.00,0,0.00,0.00,0.00,0.00,0.00,0.00,0.00,32.9,18.6,33.1,18.7,32.4,18.3,32.2,18.1,NA,DFTPHS,6,6,1.57,0.00,26.2,14.8,0,1.53,1.59,4.43,4.37,4.19,4.06,27.71,26.84,NA,0,NA,NA
210,HAYPEN,PINK,NA,NA,NA,10/21/22,11/08/24,600,150,NA,502,"1,401",Steer,Unknown,1NC.,7rns,NA,11,3,3,0,0,0.00,3,5,45.45,0,10.00,90.91,7.00,70.00,24.00,218.18,3,27.27,67.50,6.14,9.23,0.84,496.53,45.14,0.0,0.0,0.8,0.4,0.8,0.4,0.0,0.0,NA,DFTPHS,138,138,1.50,0.00,14.9,8.6,0,0.00,0.00,0.00,0.00,10.83,15.56,74.57,75.33,Faith South Dakota..pi4045-4163,0,NA,NA
300,102,WHITE,NA,NA,NA,10/09/23,10/31/25,247,507,NA,497,"1,010",Mixed,Unknown,1NC.,1WFI,NA,73,71,71,0,0,0.00,0,2,2.74,0,42.00,57.53,6.00,14.29,49.00,67.12,0,0.00,"1,983.36",27.17,0.00,0.00,"1,203.29",16.48,39.3,26.6,39.2,26.5,38.7,26.2,39.0,26.4,F5W,F5W,40,40,2.08,1.48,31.4,20.3,88,1.36,1.26,1.16,1.11,1.96,1.93,16.96,21.63,NA,0,NA,NA
300,105,WHITE,NA,NA,NA,10/09/23,11/10/25,247,517,NA,492,849,Mixed,Unknown,1NC.,1WFI,NA,5,4,4,0,0,0.00,0,1,20.00,0,3.00,60.00,1.00,33.33,7.00,140.00,0,0.00,100.32,20.06,0.00,0.00,94.79,18.96,37.3,25.2,35.5,24.0,39.4,26.6,43.8,29.6,F5W,F5W,40,40,1.45,1.28,30.6,19.3,343,13.28,13.29,13.51,13.50,18.95,18.95,28.55,33.56,NA,0,NA,NA
300,209,WHITE,NA,NA,NA,10/09/23,09/10/25,247,456,NA,479,899,Steer,Unknown,1NC.,1WFI,NA,136,133,133,0,0,0.00,0,3,2.21,0,60.00,44.12,9.00,15.00,71.00,52.21,0,0.00,"3,754.57",27.61,0.00,0.00,"1,344.78",9.89,34.8,23.5,34.4,23.2,36.9,24.9,37.8,25.5,F5W,F5W,40,40,1.70,1.49,33.6,21.5,88,12.33,12.41,10.37,10.40,10.35,10.35,13.07,18.43,NA,0,NA,NA
300,BURDICK,WHITE,NA,NA,NA,10/09/23,11/10/25,247,517,NA,484,757,Mixed,Unknown,1NC.,1WFI,NA,250,249,249,0,0,0.00,0,1,0.40,0,88.00,35.20,15.00,17.05,106.00,42.40,0,0.00,"7,151.52",28.61,0.00,0.00,"2,226.53",8.91,0.0,0.0,0.0,0.0,0.0,0.0,0.0,0.0,NA,DFTPHS,103,103,1.11,0.50,21.2,11.9,0,0.00,0.00,0.00,0.00,0.00,0.00,19.29,18.06,NA,0,NA,NA
300,FLINN,WHITE,NA,NA,NA,10/09/23,10/31/25,247,507,NA,543,912,Mixed,Unknown,1NC.,1WFI,NA,1,1,1,0,0,0.00,0,0,0.00,0,0.00,0.00,0.00,0.00,0.00,0.00,0,0.00,34.21,34.21,0.00,0.00,0.00,0.00,0.0,0.0,0.0,0.0,0.0,0.0,0.0,0.0,NA,GRASS,55,55,1.49,0.25,21.6,12.4,0,0.00,0.00,0.00,0.00,0.00,0.00,54.99,53.38,NA,0,NA,NA
300,HAYPEN,WHITE,NA,NA,NA,10/09/23,10/31/25,247,507,NA,485,793,Mixed,Unknown,1NC.,1WFI,NA,20,4,4,0,0,0.00,1,15,75.00,0,16.00,80.00,11.00,68.75,41.00,205.00,1,5.00,355.30,17.76,0.00,0.00,750.43,37.52,0.0,0.0,0.8,0.4,0.8,0.4,0.0,0.0,NA,DFTPHS,138,138,1.25,0.28,14.9,8.6,0,0.00,0.00,0.00,0.00,10.83,15.56,74.57,75.33,NA,0,NA,NA
300,SH1,WHITE,NA,NA,NA,10/09/23,10/31/25,247,507,NA,485,807,Mixed,Unknown,1NC.,1WFI,NA,5,5,5,0,0,0.00,0,0,0.00,0,0.00,0.00,0.00,0.00,0.00,0.00,0,0.00,89.46,17.89,0.00,0.00,0.00,0.00,0.0,0.0,0.0,0.0,0.0,0.0,0.0,0.0,NA,GRASS,123,81,1.30,0.46,22.6,12.6,0,0.00,0.00,0.00,0.00,0.00,0.00,29.51,29.79,NA,0,NA,NA
300,SO2,WHITE,NA,NA,NA,10/09/23,10/31/25,247,507,NA,504,737,Mixed,Unknown,1NC.,1WFI,NA,1,1,1,0,0,0.00,0,0,0.00,0,0.00,0.00,0.00,0.00,0.00,0.00,0,0.00,20.56,20.56,0.00,0.00,0.00,0.00,32.9,18.6,33.1,18.7,32.4,18.3,32.2,18.1,NA,DFTPHS,6,6,0.94,1.04,26.2,14.8,0,1.53,1.59,4.43,4.37,4.19,4.06,27.71,26.84,NA,0,NA,NA
300,W5,WHITE,NA,NA,NA,10/09/23,10/31/25,247,507,NA,504,737,Mixed,Unknown,1NC.,1WFI,NA,1,1,1,0,0,0.00,0,0,0.00,0,1.00,100.00,0.00,0.00,1.00,100.00,0,0.00,20.56,20.56,0.00,0.00,26.99,26.99,32.8,18.1,33.2,18.3,32.3,17.9,32.2,17.8,GRASS,GRASS,85,85,0.94,1.04,26.1,14.7,0,1.52,1.48,5.39,5.36,5.68,5.56,30.08,28.74,NA,0,NA,NA
301,SH1,WHITE,NA,NA,NA,10/09/23,10/31/25,247,507,NA,487,819,Heifer,Unknown,1NC.,1WFI,NA,119,119,119,0,0,0.00,0,0,0.00,0,37.00,31.09,7.00,18.92,46.00,38.66,0,0.00,"2,104.96",17.69,0.00,0.00,717.86,6.03,0.0,0.0,0.0,0.0,0.0,0.0,0.0,0.0,NA,GRASS,123,81,1.34,0.74,22.6,12.6,0,0.00,0.00,0.00,0.00,0.00,0.00,29.51,29.79,NA,0,NA,NA
301,HAYPEN,WHITE,NA,NA,NA,10/09/23,10/31/25,247,507,NA,484,819,Heifer,Unknown,1NC.,1WFI,NA,10,5,5,0,0,0.00,1,4,40.00,0,5.00,50.00,3.00,60.00,9.00,90.00,1,10.00,168.91,16.89,0.00,0.00,273.32,27.33,0.0,0.0,0.8,0.4,0.8,0.4,0.0,0.0,NA,DFTPHS,138,138,1.36,0.52,14.9,8.6,0,0.00,0.00,0.00,0.00,10.83,15.56,74.57,75.33,NA,0,NA,NA
301,105,WHITE,NA,NA,NA,10/09/23,10/31/25,247,507,NA,489,819,Heifer,Unknown,1NC.,1WFI,NA,65,65,65,0,0,0.00,0,0,0.00,0,15.00,23.08,2.00,13.33,17.00,26.15,0,0.00,"1,624.16",24.99,0.00,0.00,441.13,6.79,37.3,25.2,35.5,24.0,39.4,26.6,43.8,29.6,F5W,F5W,40,40,1.34,1.40,30.6,19.3,343,13.28,13.29,13.51,13.50,18.95,18.95,28.55,33.56,NA,0,NA,NA
301,TWINMOUND,WHITE,NA,NA,NA,04/27/23,10/31/25,412,507,NA,504,864,Heifer,Unknown,1NC.,8WFI,NA,356,353,353,0,0,0.00,0,3,0.84,0,61.00,17.13,4.00,6.56,65.00,18.26,0,0.00,"5,266.12",14.79,0.00,0.00,"1,293.25",3.63,0.0,0.0,0.0,0.0,0.0,0.0,0.0,0.0,NA,GRASS,123,140,0.87,0.67,21.8,12.1,0,0.00,0.00,0.00,0.00,0.00,0.00,155.10,161.19,NA,0,NA,NA
302,101,ORANGE,NA,NA,NA,01/08/24,08/01/25,156,416,NA,724,620,Steer,Unknown,1NC.,9 KS,"Anderson, Junior",117,112,112,0,0,0.00,3,2,1.71,0,21.00,17.95,6.00,28.57,28.00,23.93,1,0.85,"1,337.42",11.43,0.00,0.00,764.31,6.53,40.0,27.0,39.8,26.9,39.6,26.6,40.7,27.5,F5W,F5W,10,40,-0.67,2.15,33.2,21.1,476,1.65,1.74,1.54,1.58,1.75,2.27,13.02,16.35,NA,0,NA,NA
302,102,ORANGE,NA,NA,NA,10/16/23,10/15/25,240,491,NA,566,"1,011",Steer,Unknown,1NC.,10 KS,"Anderson, Junior",64,64,64,0,0,0.00,0,0,0.00,0,22.00,34.38,3.00,13.64,25.00,39.06,0,0.00,"1,227.69",19.18,0.00,0.00,548.03,8.56,39.3,26.6,39.2,26.5,38.7,26.2,39.0,26.4,F5W,F5W,40,40,1.85,1.55,31.4,20.3,88,1.36,1.26,1.16,1.11,1.96,1.93,16.96,21.63,NA,0,NA,NA
302,105,ORANGE,NA,NA,NA,10/16/23,10/15/25,240,491,NA,545,994,Steer,Unknown,1NC.,10 KS,"Anderson, Junior",1,1,1,0,0,0.00,0,0,0.00,0,1.00,100.00,0.00,0.00,1.00,100.00,0,0.00,13.25,13.25,0.00,0.00,16.91,16.91,37.3,25.2,35.5,24.0,39.4,26.6,43.8,29.6,F5W,F5W,40,40,1.87,1.27,30.6,19.3,343,13.28,13.29,13.51,13.50,18.95,18.95,28.55,33.56,NA,0,NA,NA
302,106,ORANGE,NA,NA,NA,01/27/24,08/15/25,137,430,NA,700,983,Steer,Unknown,1NC.,9 KS,"Anderson, Junior",176,173,173,0,0,0.00,1,2,1.14,0,19.00,10.80,1.00,5.26,20.00,11.36,1,0.57,"2,548.13",14.48,0.00,0.00,583.08,3.31,38.6,26.1,39.6,26.8,40.2,27.2,41.1,27.7,F5W,F5W,40,40,2.07,2.13,32.4,21.1,31,6.59,6.53,6.15,6.16,5.39,5.34,22.85,26.12,NA,0,NA,NA
302,201,ORANGE,NA,NA,NA,10/16/23,10/14/25,240,490,NA,690,"1,339",Steer,Unknown,1NC.,10 KS,"Anderson, Junior",20,20,20,0,0,0.00,0,0,0.00,0,6.05,30.26,1.84,30.43,8.16,40.79,0,0.00,229.71,11.49,0.00,0.00,198.27,9.91,46.4,31.4,44.0,29.7,42.5,28.7,41.2,27.8,F5W,F5W,40,40,2.70,1.80,34.5,22.2,81,14.06,14.14,13.14,13.21,10.36,10.38,22.68,24.20,NA,0,NA,NA
302,204,ORANGE,NA,NA,NA,10/16/23,10/14/25,240,490,NA,690,"1,339",Steer,Unknown,1NC.,10 KS,"Anderson, Junior",29,29,29,0,0,0.00,0,0,0.00,0,8.78,30.26,2.67,30.44,11.83,40.79,0,0.00,333.08,11.49,0.00,0.00,287.50,9.91,39.0,26.4,38.3,25.9,40.1,27.1,40.9,27.7,F5W,F5W,40,40,2.70,1.79,37.1,24.3,489,2.89,2.93,3.25,3.34,6.44,6.42,66.31,65.91,NA,0,NA,NA
302,205,ORANGE,NA,NA,NA,10/16/23,10/14/25,240,490,NA,690,"1,339",Steer,Unknown,1NC.,10 KS,"Anderson, Junior",29,27,27,0,0,0.00,0,2,6.90,0,9.17,31.62,3.49,38.02,13.01,44.87,0,0.00,333.08,11.49,0.00,0.00,355.10,12.24,41.4,28.0,40.9,27.7,41.0,27.7,43.5,29.4,F5W,F5W,40,40,2.70,1.76,34.4,22.1,81,5.46,5.48,4.88,4.88,3.83,3.84,49.67,43.12,NA,0,NA,NA
302,209,ORANGE,NA,NA,NA,10/16/23,10/14/25,240,490,NA,691,891,Steer,Unknown,1NC.,10 KS,NA,37,37,37,0,0,0.00,0,0,0.00,0,6.00,16.22,1.00,16.67,7.00,18.92,0,0.00,622.51,16.82,0.00,0.00,167.16,4.52,34.8,23.5,34.4,23.2,36.9,24.9,37.8,25.5,F5W,F5W,40,40,0.83,1.71,33.6,21.5,88,12.33,12.41,10.37,10.40,10.35,10.35,13.07,18.43,NA,0,NA,NA
302,BURDICK,ORANGE,NA,NA,NA,10/16/23,11/12/25,240,519,NA,685,781,Steer,Unknown,1NC.,11 KS,"Anderson, Junior",719,712,712,0,0,0.00,1,6,0.83,0,57.00,7.93,17.00,29.82,80.00,11.13,1,0.14,"11,163.83",15.53,0.00,0.00,"1,533.29",2.13,0.0,0.0,0.0,0.0,0.0,0.0,0.0,0.0,NA,DFTPHS,103,103,0.40,0.51,21.2,11.9,0,0.00,0.00,0.00,0.00,0.00,0.00,19.29,18.06,NA,0,NA,NA
302,FLINN,ORANGE,NA,NA,NA,10/16/23,10/15/25,240,491,NA,571,880,Steer,Unknown,1NC.,11 KS,"Anderson, Junior",23,23,23,0,0,0.00,0,0,0.00,0,9.00,39.13,4.00,44.44,14.00,60.87,0,0.00,301.08,13.09,0.00,0.00,339.59,14.76,0.0,0.0,0.0,0.0,0.0,0.0,0.0,0.0,NA,GRASS,55,55,1.29,0.15,21.6,12.4,0,0.00,0.00,0.00,0.00,0.00,0.00,54.99,53.38,NA,0,NA,NA
302,HAYPEN,ORANGE,NA,NA,NA,10/16/23,10/15/25,240,491,NA,610,614,Steer,Unknown,1NC.,11 KS,"Anderson, Junior",10,3,3,0,0,0.00,3,4,40.00,0,5.00,50.00,2.00,40.00,8.00,80.00,3,30.00,80.33,8.03,0.00,0.00,146.72,14.67,0.0,0.0,0.8,0.4,0.8,0.4,0.0,0.0,NA,DFTPHS,138,138,0.02,0.53,14.9,8.6,0,0.00,0.00,0.00,0.00,10.83,15.56,74.57,75.33,NA,0,NA,NA
302,SH1,ORANGE,NA,NA,NA,10/16/23,10/15/25,240,491,NA,680,619,Steer,Unknown,1NC.,11 KS,"Anderson, Junior",1,1,1,0,0,0.00,0,0,0.00,0,0.00,0.00,0.00,0.00,0.00,0.00,0,0.00,7.77,7.77,0.00,0.00,0.00,0.00,0.0,0.0,0.0,0.0,0.0,0.0,0.0,0.0,NA,GRASS,123,81,-0.25,0.81,22.6,12.6,0,0.00,0.00,0.00,0.00,0.00,0.00,29.51,29.79,NA,0,NA,NA
302,SO2,ORANGE,NA,NA,NA,10/16/23,11/12/25,240,519,NA,669,822,Steer,Unknown,1NC.,11 KS,"Anderson, Junior",6,6,6,0,0,0.00,0,0,0.00,0,2.00,33.33,1.00,50.00,3.00,50.00,0,0.00,91.83,15.31,0.00,0.00,65.90,10.98,32.9,18.6,33.1,18.7,32.4,18.3,32.2,18.1,NA,DFTPHS,6,6,0.64,0.79,26.2,14.8,0,1.53,1.59,4.43,4.37,4.19,4.06,27.71,26.84,NA,0,NA,NA
302,W5,ORANGE,NA,NA,NA,10/16/23,11/12/25,240,519,NA,652,862,Steer,Unknown,1NC.,11 KS,"Anderson, Junior",1,1,1,0,0,0.00,0,0,0.00,0,1.00,100.00,1.00,100.00,3.00,300.00,0,0.00,15.00,15.00,0.00,0.00,79.18,79.18,32.8,18.1,33.2,18.3,32.3,17.9,32.2,17.8,GRASS,GRASS,85,85,0.88,1.04,26.1,14.7,0,1.52,1.48,5.39,5.36,5.68,5.56,30.08,28.74,NA,0,NA,NA
303,201,YELLOW,NA,NA,NA,10/16/23,02/01/25,240,235,NA,600,"1,057",Steer,Unknown,1NC.,12 KS,NA,10,10,10,0,0,0.00,0,0,0.00,0,4.79,47.89,1.13,23.53,6.20,61.97,0,0.00,161.20,16.12,0.00,0.00,150.62,15.06,46.4,31.4,44.0,29.7,42.5,28.7,41.2,27.8,F5W,F5W,40,40,1.90,1.49,34.5,22.2,81,14.06,14.14,13.14,13.21,10.36,10.38,22.68,24.20,NA,0,NA,NA
303,105,YELLOW,NA,NA,NA,10/16/23,07/09/25,240,393,NA,600,957,Steer,Unknown,1NC.,12 KS,NA,1,1,1,0,0,0.00,0,0,0.00,0,1.00,100.00,1.00,100.00,3.00,300.00,0,0.00,6.92,6.92,0.00,0.00,65.88,65.88,37.3,25.2,35.5,24.0,39.4,26.6,43.8,29.6,F5W,F5W,40,40,1.49,0.93,30.6,19.3,343,13.28,13.29,13.51,13.50,18.95,18.95,28.55,33.56,NA,0,NA,NA
303,102,YELLOW,NA,NA,NA,10/16/23,07/09/25,240,393,NA,600,"1,034",Steer,Unknown,1NC.,12 KS,NA,29,29,29,0,0,0.00,0,0,0.00,0,19.00,65.52,3.00,15.79,22.00,75.86,0,0.00,536.40,18.50,0.00,0.00,593.38,20.46,39.3,26.6,39.2,26.5,38.7,26.2,39.0,26.4,F5W,F5W,40,40,1.81,1.39,31.4,20.3,88,1.36,1.26,1.16,1.11,1.96,1.93,16.96,21.63,NA,0,NA,NA
303,204,YELLOW,NA,NA,NA,10/16/23,02/01/25,240,235,NA,600,"1,057",Steer,Unknown,1NC.,12 KS,NA,29,29,29,0,0,0.00,0,0,0.00,0,13.89,47.89,3.27,23.53,17.97,61.97,0,0.00,467.48,16.12,0.00,0.00,436.80,15.06,39.0,26.4,38.3,25.9,40.1,27.1,40.9,27.7,F5W,F5W,40,40,1.90,1.48,37.1,24.3,489,2.89,2.93,3.25,3.34,6.44,6.42,66.31,65.91,NA,0,NA,NA
303,205,YELLOW,NA,NA,NA,10/16/23,02/01/25,240,235,NA,600,"1,057",Steer,Unknown,1NC.,12 KS,NA,34,32,32,0,0,0.00,0,2,5.88,0,15.32,45.07,3.61,23.53,19.83,58.33,0,0.00,548.08,16.12,0.00,0.00,481.99,14.18,41.4,28.0,40.9,27.7,41.0,27.7,43.5,29.4,F5W,F5W,40,40,1.90,1.46,34.4,22.1,81,5.46,5.48,4.88,4.88,3.83,3.84,49.67,43.12,NA,0,NA,NA
303,BURDICK,YELLOW,NA,NA,NA,10/16/23,07/09/25,240,393,NA,600,774,Steer,Unknown,1NC.,12 KS,NA,4,4,4,0,0,0.00,0,0,0.00,0,4.00,100.00,2.00,50.00,9.00,225.00,0,0.00,72.73,18.18,0.00,0.00,142.87,35.72,0.0,0.0,0.0,0.0,0.0,0.0,0.0,0.0,NA,DFTPHS,103,103,0.73,0.08,21.2,11.9,0,0.00,0.00,0.00,0.00,0.00,0.00,19.29,18.06,NA,0,NA,NA
303,FLINN,YELLOW,NA,NA,NA,10/16/23,07/09/25,240,393,NA,600,636,Steer,Unknown,1NC.,12 KS,NA,1,1,1,0,0,0.00,0,0,0.00,0,1.00,100.00,0.00,0.00,1.00,100.00,0,0.00,21.43,21.43,0.00,0.00,22.79,22.79,0.0,0.0,0.0,0.0,0.0,0.0,0.0,0.0,NA,GRASS,55,55,0.15,0.12,21.6,12.4,0,0.00,0.00,0.00,0.00,0.00,0.00,54.99,53.38,NA,0,NA,NA
303,HAYPEN,YELLOW,NA,NA,NA,10/16/23,07/09/25,240,393,NA,600,"1,076",Steer,Unknown,1NC.,12 KS,NA,3,2,2,0,0,0.00,0,1,33.33,0,3.00,100.00,2.00,66.67,5.00,166.67,0,0.00,28.20,9.40,0.00,0.00,139.59,46.53,0.0,0.0,0.8,0.4,0.8,0.4,0.0,0.0,NA,DFTPHS,138,138,1.98,0.60,14.9,8.6,0,0.00,0.00,0.00,0.00,10.83,15.56,74.57,75.33,NA,0,NA,NA
304,BURDICK,NA,NA,NA,NA,12/07/23,10/03/25,188,479,NA,550,774,Mixed,Unknown,1NC.,13 KS,NA,4,4,4,0,0,0.00,0,0,0.00,0,1.00,25.00,0.00,0.00,1.00,25.00,0,0.00,67.96,16.99,0.00,0.00,24.73,6.18,0.0,0.0,0.0,0.0,0.0,0.0,0.0,0.0,NA,DFTPHS,103,103,1.19,0.67,21.2,11.9,0,0.00,0.00,0.00,0.00,0.00,0.00,19.29,18.06,NA,0,NA,NA
304,105,NA,NA,NA,NA,12/07/23,10/03/25,188,479,NA,550,"1,077",Mixed,Unknown,1NC.,13 KS,NA,1,1,1,0,0,0.00,0,0,0.00,0,0.00,0.00,0.00,0.00,0.00,0.00,0,0.00,7.81,7.81,0.00,0.00,0.00,0.00,37.3,25.2,35.5,24.0,39.4,26.6,43.8,29.6,F5W,F5W,40,40,2.80,1.67,30.6,19.3,343,13.28,13.29,13.51,13.50,18.95,18.95,28.55,33.56,NA,0,NA,NA
304,102,NA,NA,NA,NA,12/07/23,10/03/25,188,479,NA,550,978,Mixed,Unknown,1NC.,13 KS,NA,17,17,17,0,0,0.00,0,0,0.00,0,8.00,47.06,1.00,12.50,9.00,52.94,0,0.00,286.39,16.85,0.00,0.00,261.37,15.37,39.3,26.6,39.2,26.5,38.7,26.2,39.0,26.4,F5W,F5W,40,40,2.28,1.76,31.4,20.3,88,1.36,1.26,1.16,1.11,1.96,1.93,16.96,21.63,NA,0,NA,NA
304,HAYPEN,NA,NA,NA,NA,12/07/23,10/03/25,188,479,NA,550,"1,077",Mixed,Unknown,1NC.,13 KS,NA,1,1,1,0,0,0.00,0,0,0.00,0,1.00,100.00,0.00,0.00,1.00,100.00,0,0.00,7.81,7.81,0.00,0.00,31.19,31.19,0.0,0.0,0.8,0.4,0.8,0.4,0.0,0.0,NA,DFTPHS,138,138,2.80,0.82,14.9,8.6,0,0.00,0.00,0.00,0.00,10.83,15.56,74.57,75.33,NA,0,NA,NA
304,W5,NA,NA,NA,NA,12/07/23,10/03/25,188,479,NA,550,831,Mixed,Unknown,1NC.,13 KS,NA,9,9,9,0,0,0.00,0,0,0.00,0,1.00,11.11,0.00,0.00,1.00,11.11,0,0.00,59.24,6.58,0.00,0.00,22.38,2.49,32.8,18.1,33.2,18.3,32.3,17.9,32.2,17.8,GRASS,GRASS,85,85,1.49,1.16,26.1,14.7,0,1.52,1.48,5.39,5.36,5.68,5.56,30.08,28.74,NA,0,NA,NA
305,105,NA,NA,NA,NA,02/17/24,10/08/25,116,484,NA,550,726,Heifer,Unknown,1NC.,5MCC,NA,7,7,7,0,0,0.00,0,0,0.00,0,0.00,0.00,0.00,0.00,0.00,0.00,0,0.00,101.71,14.53,0.00,0.00,0.00,0.00,37.3,25.2,35.5,24.0,39.4,26.6,43.8,29.6,F5W,F5W,40,40,1.52,2.32,30.6,19.3,343,13.28,13.29,13.51,13.50,18.95,18.95,28.55,33.56,NA,0,NA,NA
305,106,NA,NA,NA,NA,02/17/24,10/02/24,116,113,NA,750,"1,156",Steer,Unknown,1NC.,5MCC,NA,103,103,103,0,0,0.00,0,0,0.00,0,10.00,9.71,3.00,30.00,13.00,12.62,0,0.00,"1,415.05",13.74,0.00,0.00,509.73,4.95,38.6,26.1,39.6,26.8,40.2,27.2,41.1,27.7,F5W,F5W,40,40,3.50,2.25,32.4,21.1,31,6.59,6.53,6.15,6.16,5.39,5.34,22.85,26.12,NA,0,NA,NA
305,BURDICK,NA,NA,NA,NA,02/17/24,10/02/24,116,113,NA,750,"1,046",Steer,Unknown,1NC.,5MCC,NA,26,26,26,0,0,0.00,0,0,0.00,0,0.00,0.00,0.00,0.00,0.00,0.00,0,0.00,274.70,10.57,0.00,0.00,0.00,0.00,0.0,0.0,0.0,0.0,0.0,0.0,0.0,0.0,NA,DFTPHS,103,103,2.55,0.52,21.2,11.9,0,0.00,0.00,0.00,0.00,0.00,0.00,19.29,18.06,NA,0,NA,NA
305,HAYPEN,NA,NA,NA,NA,02/17/24,10/08/25,116,484,NA,550,805,Heifer,Unknown,1NC.,5MCC,NA,2,2,2,0,0,0.00,0,0,0.00,0,0.00,0.00,0.00,0.00,0.00,0.00,0,0.00,13.46,6.73,0.00,0.00,0.00,0.00,0.0,0.0,0.8,0.4,0.8,0.4,0.0,0.0,NA,DFTPHS,138,138,2.20,0.51,14.9,8.6,0,0.00,0.00,0.00,0.00,10.83,15.56,74.57,75.33,NA,0,NA,NA
305,SH1,NA,NA,NA,NA,02/17/24,10/08/25,116,484,NA,550,818,Heifer,Unknown,1NC.,5MCC,NA,18,18,18,0,0,0.00,0,0,0.00,0,2.00,11.11,1.00,50.00,3.00,16.67,0,0.00,121.10,6.73,0.00,0.00,46.98,2.61,0.0,0.0,0.0,0.0,0.0,0.0,0.0,0.0,NA,GRASS,123,81,2.31,1.13,22.6,12.6,0,0.00,0.00,0.00,0.00,0.00,0.00,29.51,29.79,NA,0,NA,NA
310,101,PINK,NA,NA,NA,11/06/23,12/12/25,219,549,NA,528,821,Steer,Unknown,1NC.,14 NE,"BUYER, BEN",235,230,230,0,0,0.00,4,1,0.43,0,36.00,15.32,5.00,13.89,41.00,17.45,0,0.00,"3,709.68",15.79,0.00,0.00,859.03,3.66,40.0,27.0,39.8,26.9,39.6,26.6,40.7,27.5,F5W,F5W,10,40,1.34,1.71,33.2,21.1,476,1.65,1.74,1.54,1.58,1.75,2.27,13.02,16.35,NA,0,NA,NA
310,102,PINK,NA,NA,NA,10/23/23,10/17/25,233,493,NA,505,"1,003",Steer,Unknown,1NC.,15rns,"BUYER, BEN",129,127,127,0,0,0.00,0,2,1.55,0,62.00,48.06,18.00,29.03,88.00,68.22,0,0.00,"1,986.48",15.40,0.00,0.00,"2,287.81",17.73,39.3,26.6,39.2,26.5,38.7,26.2,39.0,26.4,F5W,F5W,40,40,2.14,1.60,31.4,20.3,88,1.36,1.26,1.16,1.11,1.96,1.93,16.96,21.63,NA,0,NA,NA
310,105,PINK,NA,NA,NA,10/23/23,12/12/25,233,549,NA,512,928,Steer,Unknown,1NC.,14 NE,"BUYER, BEN",3,3,3,0,0,0.00,0,0,0.00,0,0.00,0.00,0.00,0.00,0.00,0.00,0,0.00,41.69,13.90,0.00,0.00,0.00,0.00,37.3,25.2,35.5,24.0,39.4,26.6,43.8,29.6,F5W,F5W,40,40,1.79,1.57,30.6,19.3,343,13.28,13.29,13.51,13.50,18.95,18.95,28.55,33.56,NA,0,NA,NA
310,201,PINK,NA,NA,NA,11/06/23,10/17/25,219,493,NA,500,796,Steer,Unknown,1NC.,15rns,"BUYER, BEN",4,4,4,0,0,0.00,0,0,0.00,0,1.18,29.41,0.00,0.00,1.18,29.41,0,0.00,59.14,14.78,0.00,0.00,32.22,8.05,46.4,31.4,44.0,29.7,42.5,28.7,41.2,27.8,F5W,F5W,40,40,1.35,1.67,34.5,22.2,81,14.06,14.14,13.14,13.21,10.36,10.38,22.68,24.20,NA,0,NA,NA
310,204,PINK,NA,NA,NA,11/06/23,10/17/25,219,493,NA,500,796,Steer,Unknown,1NC.,15rns,"BUYER, BEN",10,10,10,0,0,0.00,0,0,0.00,0,2.94,29.41,0.00,0.00,2.94,29.41,0,0.00,147.85,14.78,0.00,0.00,80.55,8.05,39.0,26.4,38.3,25.9,40.1,27.1,40.9,27.7,F5W,F5W,40,40,1.35,1.67,37.1,24.3,489,2.89,2.93,3.25,3.34,6.44,6.42,66.31,65.91,NA,0,NA,NA
310,205,PINK,NA,NA,NA,11/06/23,10/17/25,219,493,NA,500,796,Steer,Unknown,1NC.,15rns,"BUYER, BEN",3,3,3,0,0,0.00,0,0,0.00,0,0.88,29.41,0.00,0.00,0.88,29.41,0,0.00,44.35,14.78,0.00,0.00,24.16,8.05,41.4,28.0,40.9,27.7,41.0,27.7,43.5,29.4,F5W,F5W,40,40,1.35,1.67,34.4,22.1,81,5.46,5.48,4.88,4.88,3.83,3.84,49.67,43.12,NA,0,NA,NA
310,209,PINK,NA,NA,NA,10/23/23,10/17/25,233,493,NA,501,878,Steer,Unknown,1NC.,15rns,"BUYER, BEN",10,10,10,0,0,0.00,0,0,0.00,0,7.00,70.00,1.00,14.29,8.00,80.00,0,0.00,193.16,19.32,0.00,0.00,167.42,16.74,34.8,23.5,34.4,23.2,36.9,24.9,37.8,25.5,F5W,F5W,40,40,1.62,1.56,33.6,21.5,88,12.33,12.41,10.37,10.40,10.35,10.35,13.07,18.43,NA,0,NA,NA
310,BURDICK,PINK,NA,NA,NA,10/23/23,12/15/25,233,552,NA,528,758,Steer,Unknown,1NC.,14 NE,"BUYER, BEN","1,622","1,598","1,598",0,0,0.00,1,23,1.42,0,362.00,22.32,106.00,29.28,501.00,30.89,1,0.06,"22,801.85",14.06,0.00,0.00,"10,770.02",6.64,0.0,0.0,0.0,0.0,0.0,0.0,0.0,0.0,NA,DFTPHS,103,103,0.99,0.50,21.2,11.9,0,0.00,0.00,0.00,0.00,0.00,0.00,19.29,18.06,NA,0,NA,NA
310,FLINN,PINK,NA,NA,NA,10/23/23,12/15/25,233,552,NA,519,734,Steer,Unknown,1NC.,14 NE,"BUYER, BEN",98,98,98,0,0,0.00,0,0,0.00,0,36.00,36.73,12.00,33.33,50.00,51.02,0,0.00,"1,986.25",20.27,0.00,0.00,"1,201.79",12.26,0.0,0.0,0.0,0.0,0.0,0.0,0.0,0.0,NA,GRASS,55,55,0.92,0.17,21.6,12.4,0,0.00,0.00,0.00,0.00,0.00,0.00,54.99,53.38,NA,0,NA,NA
310,HAYPEN,PINK,NA,NA,NA,10/23/23,12/15/25,233,552,NA,512,797,Steer,Unknown,1NC.,14 NE,"BUYER, BEN",87,31,31,0,0,0.00,7,49,56.32,0,54.00,62.07,42.00,77.78,137.00,157.47,7,8.05,684.25,7.86,0.00,0.00,"3,139.38",36.08,0.0,0.0,0.8,0.4,0.8,0.4,0.0,0.0,NA,DFTPHS,138,138,1.22,0.43,14.9,8.6,0,0.00,0.00,0.00,0.00,10.83,15.56,74.57,75.33,NA,0,NA,NA
310,SH1,PINK,NA,NA,NA,10/23/23,12/15/25,233,552,NA,504,742,Steer,Unknown,1NC.,14 NE,"BUYER, BEN",61,61,61,0,0,0.00,0,0,0.00,0,12.00,19.67,3.00,25.00,15.00,24.59,0,0.00,461.39,7.56,0.00,0.00,274.47,4.50,0.0,0.0,0.0,0.0,0.0,0.0,0.0,0.0,NA,GRASS,123,81,1.02,0.79,22.6,12.6,0,0.00,0.00,0.00,0.00,0.00,0.00,29.51,29.79,NA,0,NA,NA
310,SO2,PINK,NA,NA,NA,10/23/23,12/15/25,233,552,NA,520,769,Steer,Unknown,1NC.,14 NE,"BUYER, BEN",4,4,4,0,0,0.00,0,0,0.00,0,3.00,75.00,0.00,0.00,3.00,75.00,0,0.00,57.72,14.43,0.00,0.00,118.19,29.55,32.9,18.6,33.1,18.7,32.4,18.3,32.2,18.1,NA,DFTPHS,6,6,1.07,0.94,26.2,14.8,0,1.53,1.59,4.43,4.37,4.19,4.06,27.71,26.84,NA,0,NA,NA
310,W5,PINK,NA,NA,NA,10/23/23,12/15/25,233,552,NA,520,769,Steer,Unknown,1NC.,14 NE,"BUYER, BEN",14,12,12,0,0,0.00,1,1,7.14,0,10.00,71.43,5.00,50.00,20.00,142.86,1,7.14,202.06,14.43,0.00,0.00,274.30,19.59,32.8,18.1,33.2,18.3,32.3,17.9,32.2,17.8,GRASS,GRASS,85,85,1.07,0.93,26.1,14.7,0,1.52,1.48,5.39,5.36,5.68,5.56,30.08,28.74,NA,0,NA,NA
200G,204,WHITE,NA,NA,NA,10/11/22,10/31/24,610,142,NA,516,"1,246",Steer,Unknown,1NC.,1WFI,NA,34,6,6,0,0,0.00,25,3,8.82,0,19.60,57.65,8.40,42.86,32.40,95.29,1,2.94,"1,082.11",31.83,0.00,0.00,548.45,16.13,39.0,26.4,38.3,25.9,40.1,27.1,40.9,27.7,F5W,F5W,40,40,1.20,0.23,37.1,24.3,489,2.89,2.93,3.25,3.34,6.44,6.42,66.31,65.91,NA,0,NA,NA
210B,HAYPEN,PINK,NA,NA,NA,10/29/22,04/08/24,592,-64,NA,512,"1,639",Steer,Unknown,1NC.,16 NE,NA,4,1,1,0,0,0.00,0,3,75.00,0,4.00,100.00,1.00,25.00,6.00,150.00,0,0.00,43.77,10.94,3.19,0.80,159.21,39.80,0.0,0.0,0.8,0.4,0.8,0.4,0.0,0.0,NA,DFTPHS,138,138,1.90,0.00,14.9,8.6,0,0.00,0.00,0.00,0.00,10.83,15.56,74.57,75.33,Faith South Dakota..pi4045-4163,0,NA,NA
210G,101,"ORANGE, PINK",NA,NA,NA,10/21/22,12/05/24,600,177,NA,529,"1,275",Steer,Unknown,1NC.,16 NE,NA,244,1,1,0,0,0.00,238,5,2.05,0,41.64,17.07,4.84,11.62,47.45,19.45,0,0.00,"7,522.80",30.83,78.41,0.32,678.92,2.78,40.0,27.0,39.8,26.9,39.6,26.6,40.7,27.5,F5W,F5W,10,40,1.24,0.11,33.2,21.1,476,1.65,1.74,1.54,1.58,1.75,2.27,13.02,16.35,Faith South Dakota..pi4045-4163,0,NA,NA
210G,204,"ORANGE, PINK",NA,NA,NA,10/21/22,12/05/24,600,177,NA,528,"1,394",Steer,Unknown,1NC.,16 NE,NA,"1,024",2,2,0,0,0.00,987,35,3.42,0,235.46,22.99,52.26,22.20,309.08,30.18,4,0.39,"31,877.37",31.13,364.60,0.36,"4,715.61",4.61,39.0,26.4,38.3,25.9,40.1,27.1,40.9,27.7,F5W,F5W,40,40,1.44,0.19,37.1,24.3,489,2.89,2.93,3.25,3.34,6.44,6.42,66.31,65.91,Faith South Dakota..pi4045-4163,0,NA,NA
210G,BURDICK,"ORANGE, PINK",NA,NA,NA,10/21/22,10/01/24,600,112,NA,526,"1,275",Steer,Unknown,1NC.,16 NE,NA,12,3,3,0,0,0.00,0,9,75.00,0,3.00,25.00,1.00,33.33,4.00,33.33,0,0.00,184.84,15.40,5.51,0.46,65.53,5.46,0.0,0.0,0.0,0.0,0.0,0.0,0.0,0.0,NA,DFTPHS,103,103,1.25,0.00,21.2,11.9,0,0.00,0.00,0.00,0.00,0.00,0.00,19.29,18.06,Faith South Dakota..pi4045-4163,0,NA,NA
210G,HAYPEN,"ORANGE, PINK",NA,NA,NA,01/13/23,11/09/24,516,151,NA,517,"1,331",Steer,Unknown,1NC.,16 NE,NA,12,8,8,0,0,0.00,2,2,16.67,0,8.00,66.67,7.00,87.50,19.00,158.33,2,16.67,77.66,6.47,5.95,0.50,350.93,29.24,0.0,0.0,0.8,0.4,0.8,0.4,0.0,0.0,NA,DFTPHS,138,138,1.58,0.00,14.9,8.6,0,0.00,0.00,0.00,0.00,10.83,15.56,74.57,75.33,Faith South Dakota..pi4045-4163,0,NA,NA
210G,W5,"ORANGE, PINK",NA,NA,NA,10/21/22,12/05/24,600,177,NA,527,"1,394",Steer,Unknown,1NC.,16 NE,NA,1,1,1,0,0,0.00,0,0,0.00,0,0.34,34.18,0.11,30.95,0.50,50.44,0,0.00,30.88,30.88,0.37,0.37,7.43,7.43,32.8,18.1,33.2,18.3,32.3,17.9,32.2,17.8,GRASS,GRASS,85,85,1.45,0.65,26.1,14.7,0,1.52,1.48,5.39,5.36,5.68,5.56,30.08,28.74,Faith South Dakota..pi4045-4163,0,NA,NA
BB4,301,NA,NA,NA,NA,06/08/24,04/05/26,4,663,NA,550,556,Heifer,Unknown,2yne,17arn,NA,105,105,105,0,0,0.00,0,0,0.00,0,0.00,0.00,0.00,0.00,0.00,0.00,0,0.00,0.00,0.00,0.00,0.00,0.00,0.00,11.1,6.2,11.1,6.2,11.1,6.2,18.4,10.2,GRASS,GRASS,4,4,1.50,0.85,6.7,3.7,0,46.15,45.62,46.15,45.62,46.15,45.62,78.57,78.16,NA,0,NA,NA
C4,W5,YELLOW,NA,NA,NA,12/23/23,10/19/25,172,495,NA,"1,380","1,455",Heifer,Unknown,2yne,18ter,"EDWARDS, DJ",8,8,8,0,0,0.00,0,0,0.00,0,0.00,0.00,0.00,0.00,0.00,0.00,0,0.00,6.92,0.86,1.50,0.19,0.00,0.00,32.8,18.1,33.2,18.3,32.3,17.9,32.2,17.8,GRASS,GRASS,85,85,0.44,2.01,26.1,14.7,0,1.52,1.48,5.39,5.36,5.68,5.56,30.08,28.74,NA,0,NA,NA
COW,105,NA,NA,NA,NA,02/01/24,09/20/24,132,101,NA,"1,224","1,422",Heifer,Unknown,1NC.,19NA,NA,10,10,10,0,0,0.00,0,0,0.00,0,0.00,0.00,0.00,0.00,0.00,0.00,0,0.00,0.00,0.00,0.00,0.00,0.00,0.00,37.3,25.2,35.5,24.0,39.4,26.6,43.8,29.6,F5W,F5W,40,40,1.50,2.13,30.6,19.3,343,13.28,13.29,13.51,13.50,18.95,18.95,28.55,33.56,NA,0,NA,NA
COW,E4,NA,NA,NA,NA,03/07/24,11/08/25,97,515,NA,"1,182","1,318",Mixed,Unknown,1NC.,19NA,NA,48,33,33,0,0,0.00,15,0,0.00,0,0.00,0.00,0.00,0.00,0.00,0.00,0,0.00,0.00,0.00,0.00,0.00,0.00,0.00,52.6,33.7,51.7,33.1,49.7,31.5,52.7,33.8,WAGF2W,WAGF2W,15,14,1.40,2.23,41.9,24.1,86,8.15,8.20,6.68,6.74,6.86,7.73,21.34,24.67,NA,0,NA,NA
COW,OF12,NA,NA,NA,NA,05/11/24,01/11/25,32,214,NA,"1,200","1,252",Heifer,Unknown,1NC.,19NA,NA,65,16,16,0,0,0.00,49,0,0.00,0,0.00,0.00,0.00,0.00,0.00,0.00,0,0.00,0.00,0.00,0.00,0.00,0.00,0.00,47.3,30.3,51.3,32.0,55.3,32.4,51.2,32.8,WAGF2W,WAGF2W,7,7,1.63,2.60,46.3,26.4,25,12.15,12.11,19.40,14.09,20.17,16.48,94.07,91.83,NA,0,NA,NA
COW,W5,NA,NA,NA,NA,06/08/24,11/22/25,4,529,NA,700,706,Steer,Unknown,1NC.,19NA,NA,15,15,15,0,0,0.00,0,0,0.00,0,0.00,0.00,0.00,0.00,0.00,0.00,0,0.00,0.00,0.00,0.00,0.00,0.00,0.00,32.8,18.1,33.2,18.3,32.3,17.9,32.2,17.8,GRASS,GRASS,85,85,1.50,1.73,26.1,14.7,0,1.52,1.48,5.39,5.36,5.68,5.56,30.08,28.74,NA,0,NA,NA
D4,RHINER,NA,NA,NA,NA,01/13/24,12/17/25,151,554,NA,544,628,Steer,Unknown,2yne,20ter,"Anderson, Junior, EDWARDS, DJ",179,179,179,0,0,0.00,0,0,0.00,0,4.00,2.23,0.00,0.00,4.00,2.23,0,0.00,"1,140.23",6.37,0.00,0.00,29.22,0.16,0.0,0.0,0.0,0.0,0.0,0.0,0.0,0.0,NA,GRASS,123,140,0.56,1.33,23.4,13.0,11,0.00,0.00,0.00,0.00,0.00,0.00,21.89,21.74,NA,0,NA,NA
F201,105,NA,NA,NA,NA,09/27/23,05/12/24,259,-30,NA,750,"1,722",Mixed,Unknown,3VES,1WFI,NA,2,2,2,0,0,0.00,0,0,0.00,0,0.00,0.00,0.00,0.00,0.00,0.00,0,0.00,10.12,5.06,0.00,0.00,0.00,0.00,37.3,25.2,35.5,24.0,39.4,26.6,43.8,29.6,F5W,F5W,40,40,3.75,1.22,30.6,19.3,343,13.28,13.29,13.51,13.50,18.95,18.95,28.55,33.56,NA,0,NA,NA
F202,105,ORANGE,NA,NA,NA,07/24/23,03/08/24,324,-95,NA,750,"1,881",Steer,Unknown,3VES,2 KS,NA,1,1,1,0,0,0.00,0,0,0.00,0,1.00,100.00,1.00,100.00,4.00,400.00,0,0.00,15.11,15.11,0.00,0.00,117.60,117.60,37.3,25.2,35.5,24.0,39.4,26.6,43.8,29.6,F5W,F5W,40,40,3.49,0.90,30.6,19.3,343,13.28,13.29,13.51,13.50,18.95,18.95,28.55,33.56,NA,0,NA,NA
F203,204,YELLOW,NA,NA,NA,07/24/23,03/16/24,324,-87,NA,720,"1,872",Steer,Unknown,3VES,21 KS,NA,78,1,1,0,0,0.00,67,10,12.82,0,29.82,38.24,9.15,30.67,43.07,55.22,0,0.00,"1,177.02",15.09,0.00,0.00,"1,120.18",14.36,39.0,26.4,38.3,25.9,40.1,27.1,40.9,27.7,F5W,F5W,40,40,3.56,0.82,37.1,24.3,489,2.89,2.93,3.25,3.34,6.44,6.42,66.31,65.91,NA,0,NA,NA
F300,SH1,NA,NA,NA,NA,04/30/24,08/10/26,43,790,NA,300,365,Steer,Unknown,3VES,19NA,NA,1,1,1,0,0,0.00,0,0,0.00,0,0.00,0.00,0.00,0.00,0.00,0.00,0,0.00,0.00,0.00,0.00,0.00,0.00,0.00,0.0,0.0,0.0,0.0,0.0,0.0,0.0,0.0,NA,GRASS,123,81,1.51,0.68,22.6,12.6,0,0.00,0.00,0.00,0.00,0.00,0.00,29.51,29.79,NA,0,NA,NA
G4,W5,NA,NA,NA,NA,02/04/24,12/04/25,129,541,NA,544,775,Heifer,Unknown,2yne,22ter,NA,9,5,5,0,0,0.00,4,0,0.00,0,3.00,33.33,2.00,66.67,6.00,66.67,4,44.44,26.25,2.92,7.50,0.83,74.89,8.32,32.8,18.1,33.2,18.3,32.3,17.9,32.2,17.8,GRASS,GRASS,85,85,1.79,1.60,26.1,14.7,0,1.52,1.48,5.39,5.36,5.68,5.56,30.08,28.74,NA,0,NA,NA
LL3,105,NA,NA,NA,NA,11/08/23,02/05/24,217,-127,NA,650,"2,161",Steer,Unknown,2yne,23 OK,"EDWARDS, DJ",1,1,1,0,0,0.00,0,0,0.00,0,1.00,100.00,1.00,100.00,3.00,300.00,0,0.00,7.23,7.23,0.00,0.00,68.30,68.30,37.3,25.2,35.5,24.0,39.4,26.6,43.8,29.6,F5W,F5W,40,40,6.96,1.58,30.6,19.3,343,13.28,13.29,13.51,13.50,18.95,18.95,28.55,33.56,NA,0,NA,NA
LL3,107,NA,NA,NA,NA,11/08/23,01/06/25,217,209,NA,592,"1,164",Steer,Unknown,2yne,24ter,"EDWARDS, DJ",297,270,270,0,0,0.00,10,17,5.72,0,220.00,74.07,108.00,49.09,416.00,140.07,10,3.37,"5,682.99",19.13,0.00,0.00,"12,383.64",41.70,36.4,24.6,37.7,25.5,37.9,25.6,38.7,26.2,F5W,F5W,40,40,2.64,1.64,30.8,19.9,45,6.81,6.78,6.71,6.68,5.57,5.53,15.78,20.07,purple tags,0,NA,NA
MM3,103,NA,NA,NA,NA,10/18/23,08/30/25,238,445,NA,539,"1,306",Heifer,Unknown,2yne,25ter,"EDWARDS, DJ",208,180,180,0,0,0.00,11,17,8.17,0,113.65,54.64,53.39,46.98,210.00,100.96,11,5.29,"3,730.66",17.94,0.00,0.00,"5,589.23",26.87,30.7,20.8,30.6,20.7,32.4,21.9,33.5,22.6,F5W,F5W,40,40,3.22,1.57,29.1,18.7,66,13.08,13.00,15.64,15.51,11.97,11.89,14.13,18.42,NA,0,NA,NA
MM3,104,NA,NA,NA,NA,10/18/23,08/30/25,238,445,NA,539,"1,008",Heifer,Unknown,2yne,25ter,"EDWARDS, DJ",165,165,165,0,0,0.00,0,0,0.00,0,80.35,48.70,30.61,38.10,121.00,73.33,0,0.00,"3,034.77",18.39,0.00,0.00,"3,218.94",19.51,32.6,22.1,31.7,21.4,32.9,22.3,33.1,22.4,F5W,F5W,40,40,1.97,1.62,29.3,18.9,66,2.93,3.02,12.39,12.29,9.39,9.33,14.09,18.44,NA,0,NA,NA
S3,OF13,NA,NA,NA,NA,05/16/23,04/23/25,393,316,NA,571,"1,150",Steer,Unknown,2yne,25ter,NA,131,129,129,0,0,0.00,1,1,0.76,0,38.73,29.56,11.34,29.28,55.21,42.14,1,0.76,"2,755.00",21.03,0.00,0.00,"1,461.64",11.16,32.6,22.0,33.1,22.4,34.5,23.3,32.9,22.3,F5W,F5W,40,40,1.47,1.15,32.3,21.4,202,3.82,3.83,3.42,3.44,5.83,5.86,23.68,24.11,NA,0,NA,NA
S3,202,NA,NA,NA,NA,05/16/23,04/23/25,393,316,NA,569,"1,311",Steer,Unknown,2yne,25ter,NA,32,20,20,0,0,0.00,11,1,3.13,0,12.00,37.50,7.00,58.33,21.00,65.63,1,3.13,522.06,16.31,0.00,0.00,521.28,16.29,29.4,19.9,30.3,20.5,31.0,20.9,29.2,19.7,F5W,F5W,40,40,1.89,1.01,31.9,21.1,209,0.97,1.03,3.43,3.43,4.13,4.15,8.20,8.66,NA,0,NA,NA
S3,206,NA,NA,NA,NA,05/16/23,04/23/25,393,316,NA,570,"1,299",Steer,Unknown,2yne,25ter,NA,293,136,136,0,0,0.00,150,7,2.39,0,51.00,17.41,11.00,21.57,65.00,22.18,1,0.34,"6,175.12",21.08,0.00,0.00,"1,819.01",6.21,31.8,21.5,33.6,22.7,32.3,21.9,30.5,20.6,F5W,F5W,40,40,1.85,1.13,36.6,24.2,202,3.52,3.47,6.82,6.74,17.94,17.89,13.14,13.56,NA,0,NA,NA
S3,HAYPEN,NA,NA,NA,NA,05/16/23,04/23/25,393,316,NA,566,"1,158",Steer,Unknown,2yne,25ter,NA,42,23,23,0,0,0.00,0,19,45.24,0,26.00,61.90,8.00,30.77,36.00,85.71,0,0.00,422.53,10.06,0.00,0.00,"1,237.64",29.47,0.0,0.0,0.8,0.4,0.8,0.4,0.0,0.0,NA,DFTPHS,138,138,1.51,0.10,14.9,8.6,0,0.00,0.00,0.00,0.00,10.83,15.56,74.57,75.33,NA,0,NA,NA
S3,OF5,NA,NA,NA,NA,05/16/23,03/14/24,393,-89,NA,577,"1,163",Steer,Unknown,2yne,25ter,NA,1,1,1,0,0,0.00,0,0,0.00,0,0.00,0.00,0.00,0.00,0.00,0.00,0,0.00,9.34,9.34,0.00,0.00,0.00,0.00,25.6,17.3,27.4,18.5,29.9,20.2,27.9,18.8,F5W,F5W,40,40,1.49,1.08,32.9,21.8,202,14.31,14.13,12.82,12.70,13.77,13.72,9.09,9.39,NA,0,NA,NA
S3,105,NA,NA,NA,NA,05/16/23,04/23/25,393,316,NA,573,"1,266",Steer,Unknown,2yne,25ter,NA,5,4,4,0,0,0.00,1,0,0.00,0,2.00,40.00,1.00,50.00,5.00,100.00,1,20.00,81.86,16.37,0.00,0.00,181.21,36.24,37.3,25.2,35.5,24.0,39.4,26.6,43.8,29.6,F5W,F5W,40,40,1.76,0.89,30.6,19.3,343,13.28,13.29,13.51,13.50,18.95,18.95,28.55,33.56,NA,0,NA,NA
T3,HAYPEN,NA,NA,NA,NA,05/18/23,02/25/25,391,259,NA,549,"1,124",Heifer,Unknown,2yne,25ter,NA,24,11,11,0,0,0.00,0,13,54.17,0,12.00,50.00,9.00,75.00,24.00,100.00,0,0.00,253.45,10.56,0.00,0.00,671.07,27.96,0.0,0.0,0.8,0.4,0.8,0.4,0.0,0.0,NA,DFTPHS,138,138,1.47,0.09,14.9,8.6,0,0.00,0.00,0.00,0.00,10.83,15.56,74.57,75.33,NA,0,NA,NA
T3,202,NA,NA,NA,NA,05/18/23,02/25/25,391,259,NA,591,"1,315",Heifer,Unknown,2yne,25ter,NA,277,261,261,0,0,0.00,1,15,5.42,0,86.36,31.18,18.27,21.15,113.54,40.99,1,0.36,"5,374.89",19.40,0.00,0.00,"3,995.88",14.43,29.4,19.9,30.3,20.5,31.0,20.9,29.2,19.7,F5W,F5W,40,40,1.85,1.08,31.9,21.1,209,0.97,1.03,3.43,3.43,4.13,4.15,8.20,8.66,NA,0,NA,NA
T3,105,NA,NA,NA,NA,05/18/23,02/25/25,391,259,NA,571,"1,197",Heifer,Unknown,2yne,25ter,NA,5,3,3,0,0,0.00,2,0,0.00,0,5.00,100.00,4.00,80.00,15.00,300.00,2,40.00,92.47,18.49,0.00,0.00,348.52,69.70,37.3,25.2,35.5,24.0,39.4,26.6,43.8,29.6,F5W,F5W,40,40,1.60,0.85,30.6,19.3,343,13.28,13.29,13.51,13.50,18.95,18.95,28.55,33.56,NA,0,NA,NA
T3,OF5,NA,NA,NA,NA,05/18/23,02/25/25,391,259,NA,556,"1,163",Heifer,Unknown,2yne,25ter,NA,295,287,287,0,0,0.00,3,5,1.69,0,98.56,33.41,28.02,28.43,141.48,47.96,3,1.02,"6,326.13",21.44,0.00,0.00,"4,340.14",14.71,25.6,17.3,27.4,18.5,29.9,20.2,27.9,18.8,F5W,F5W,40,40,1.55,1.04,32.9,21.8,202,14.31,14.13,12.82,12.70,13.77,13.72,9.09,9.39,NA,0,NA,NA
T4,CULLYS,NA,NA,NA,NA,04/30/24,01/22/26,43,590,NA,600,634,Heifer,Unknown,2yne,25ter,"EDWARDS, DJ",539,539,539,0,0,0.00,0,0,0.00,0,8.00,1.48,0.00,0.00,8.00,1.48,0,0.00,"7,204.34",13.37,0.00,0.00,30.66,0.06,0.0,0.0,0.0,0.0,0.0,0.0,0.0,0.0,NA,GRASS,44,44,0.79,1.23,22.6,12.5,0,0.00,0.00,0.00,0.00,0.00,0.00,13.60,13.63,NA,0,NA,NA
T4,HAYPEN,NA,NA,NA,NA,04/30/24,01/22/26,43,590,NA,600,665,Heifer,Unknown,2yne,25ter,"EDWARDS, DJ",1,1,1,0,0,0.00,0,0,0.00,0,0.00,0.00,0.00,0.00,0.00,0.00,0,0.00,0.00,0.00,0.00,0.00,0.00,0.00,0.0,0.0,0.8,0.4,0.8,0.4,0.0,0.0,NA,DFTPHS,138,138,1.51,3.48,14.9,8.6,0,0.00,0.00,0.00,0.00,10.83,15.56,74.57,75.33,NA,0,NA,NA
W4,HAYPEN,NA,NA,NA,NA,05/08/24,12/28/25,35,565,NA,650,703,Steer,Unknown,2yne,25ter,NA,3,3,3,0,0,0.00,0,0,0.00,0,0.00,0.00,0.00,0.00,0.00,0.00,0,0.00,0.00,0.00,0.00,0.00,0.00,0.00,0.0,0.0,0.8,0.4,0.8,0.4,0.0,0.0,NA,DFTPHS,138,138,1.51,1.38,14.9,8.6,0,0.00,0.00,0.00,0.00,10.83,15.56,74.57,75.33,NA,0,NA,NA
W4,SHEHI,NA,NA,NA,NA,05/08/24,12/28/25,35,565,NA,650,706,Steer,Unknown,2yne,25ter,NA,328,327,327,0,0,0.00,0,1,0.30,0,7.00,2.13,0.00,0.00,7.00,2.13,0,0.00,"3,892.30",11.87,0.00,0.00,75.50,0.23,0.0,0.0,24.9,13.8,25.6,14.1,0.0,0.0,NA,GRASS,13,12,1.60,1.64,24.6,13.6,0,0.00,0.00,45.97,45.99,22.07,22.08,14.46,14.47,NA,0,NA,NA
WA212,409SO,NA,NA,NA,NA,09/08/23,08/22/24,278,72,NA,800,"1,332",Heifer,Unknown,4ers,26A-Z,"Coates, Andrew",65,63,63,0,0,0.00,0,2,3.08,0,4.00,6.15,2.00,50.00,6.00,9.23,0,0.00,400.40,6.16,0.00,0.00,122.26,1.88,27.9,17.9,27.6,17.7,30.3,19.4,26.7,17.1,WAGF2W,WAGF2W,40,40,1.91,1.24,29.6,18.0,90,9.83,9.77,8.95,8.88,10.71,10.67,10.99,12.42,A-Z fullblood hfrs,0,NA,NA
WA213,306,NA,NA,NA,NA,09/15/23,06/27/25,271,381,NA,522,"1,029",Heifer,Unknown,4ers,27ics,"Coates, Andrew",66,62,62,0,0,0.00,4,0,0.00,0,9.00,13.64,3.00,33.33,12.00,18.18,1,1.52,"1,092.28",16.55,0.00,0.00,268.27,4.06,32.5,19.8,33.0,20.1,32.9,20.1,32.5,19.9,WAGF1W,WAGF1W,40,40,1.87,1.53,26.7,16.0,241,3.72,3.58,3.98,3.88,3.03,2.98,12.77,13.73,Purple Wag Tags,0,NA,NA
WA213,409SO,NA,NA,NA,NA,09/15/23,06/27/25,271,381,NA,635,"1,124",Mixed,Unknown,4ers,27ics,"Coates, Andrew",15,15,15,0,0,0.00,0,0,0.00,0,1.00,6.67,0.00,0.00,1.00,6.67,0,0.00,247.98,16.53,0.00,0.00,39.59,2.64,27.9,17.9,27.6,17.7,30.3,19.4,26.7,17.1,WAGF2W,WAGF2W,40,40,1.80,1.32,29.6,18.0,90,9.83,9.77,8.95,8.88,10.71,10.67,10.99,12.42,Purple Wag Tags,0,NA,NA
WA214,306,NA,NA,NA,NA,09/15/23,02/20/25,271,254,NA,600,987,Mixed,Unknown,4ers,28nch,"Coates, Andrew",27,27,27,0,0,0.00,0,0,0.00,0,14.00,51.85,4.00,28.57,21.00,77.78,0,0.00,403.11,14.93,0.00,0.00,519.67,19.25,32.5,19.8,33.0,20.1,32.9,20.1,32.5,19.9,WAGF1W,WAGF1W,40,40,1.43,1.15,26.7,16.0,241,3.72,3.58,3.98,3.88,3.03,2.98,12.77,13.73,White Wag Tags,0,NA,NA
WA214,409SO,NA,NA,NA,NA,09/15/23,12/07/24,271,179,NA,600,"1,199",Mixed,Unknown,4ers,28nch,"Coates, Andrew",9,9,9,0,0,0.00,0,0,0.00,0,9.00,100.00,0.00,0.00,9.00,100.00,0,0.00,134.37,14.93,0.00,0.00,153.25,17.03,27.9,17.9,27.6,17.7,30.3,19.4,26.7,17.1,WAGF2W,WAGF2W,40,40,2.21,1.27,29.6,18.0,90,9.83,9.77,8.95,8.88,10.71,10.67,10.99,12.42,White Wag Tags,0,NA,NA
WA215,304,NA,NA,NA,NA,11/03/23,06/02/25,222,356,NA,657,772,Mixed,Unknown,5ETT,29NCH,NA,30,30,30,0,0,0.00,0,0,0.00,0,14.00,46.67,3.00,21.43,17.00,56.67,0,0.00,576.09,19.20,69.00,2.30,372.62,12.42,28.7,17.5,29.1,17.7,30.7,18.7,28.4,17.3,WAGF1W,WAGF1W,40,40,0.52,1.68,27.8,16.6,161,4.95,5.06,5.33,5.42,7.92,7.93,14.40,14.89,NA,0,NA,NA
WA216,409SO,NA,NA,NA,NA,11/28/23,10/17/24,197,128,NA,900,"1,292",Mixed,Unknown,4ers,30gyu,NA,7,7,7,0,0,0.00,0,0,0.00,0,0.00,0.00,0.00,0.00,0.00,0.00,0,0.00,127.82,18.26,0.00,0.00,0.00,0.00,27.9,17.9,27.6,17.7,30.3,19.4,26.7,17.1,WAGF2W,WAGF2W,40,40,1.99,1.75,29.6,18.0,90,9.83,9.77,8.95,8.88,10.71,10.67,10.99,12.42,NA,0,NA,NA
WA217,409SO,NA,NA,NA,NA,11/28/23,10/17/24,197,128,NA,900,"1,376",Mixed,Unknown,4ers,30gyu,NA,18,18,18,0,0,0.00,0,0,0.00,0,1.00,5.56,0.00,0.00,1.00,5.56,0,0.00,285.12,15.84,0.00,0.00,4.68,0.26,27.9,17.9,27.6,17.7,30.3,19.4,26.7,17.1,WAGF2W,WAGF2W,40,40,2.42,1.75,29.6,18.0,90,9.83,9.77,8.95,8.88,10.71,10.67,10.99,12.42,NA,0,NA,NA
WA218,407,NA,NA,NA,NA,02/23/24,05/17/25,110,340,NA,650,870,Mixed,Unknown,6eek,31gyu,NA,5,4,4,0,0,0.00,1,0,0.00,0,0.00,0.00,0.00,0.00,0.00,0.00,0,0.00,63.34,12.67,0.00,0.00,0.00,0.00,34.5,22.1,34.2,21.9,36.0,23.1,35.4,22.7,WAGF2W,WAGF2W,40,40,2.00,2.80,36.2,22.6,369,4.50,4.58,4.58,4.59,6.15,6.17,12.63,12.85,NA,0,NA,NA
WA218,W4,NA,NA,NA,NA,02/23/24,05/17/25,110,340,NA,650,870,Mixed,Unknown,6eek,31gyu,NA,34,34,34,0,0,0.00,0,0,0.00,0,4.00,11.76,0.00,0.00,4.00,11.76,0,0.00,647.36,19.04,0.00,0.00,107.67,3.17,31.2,19.0,31.1,19.0,30.5,18.6,30.0,18.3,WAGF1W,WAGF1W,40,40,2.00,2.34,28.4,17.1,0,7.25,7.06,6.05,5.91,5.73,5.63,15.62,15.75,NA,0,NA,NA
WA219,403,NA,NA,NA,NA,04/17/24,03/07/25,56,269,NA,900,"1,678",Mixed,Unknown,4ers,30gyu,NA,3,3,3,0,0,0.00,0,0,0.00,0,0.00,0.00,0.00,0.00,0.00,0.00,0,0.00,7.20,2.40,0.00,0.00,0.00,0.00,26.5,16.9,24.5,15.7,27.4,17.5,29.4,18.9,WAGF2W,WAGF2W,40,40,13.89,2.15,28.6,17.9,327,15.66,15.58,20.25,20.34,17.28,17.30,12.03,12.33,NA,0,NA,NA
WA219,409SO,NA,NA,NA,NA,04/17/24,03/07/25,56,269,NA,900,"1,317",Mixed,Unknown,4ers,30gyu,NA,4,4,4,0,0,0.00,0,0,0.00,0,0.00,0.00,0.00,0.00,0.00,0.00,0,0.00,15.60,3.90,0.00,0.00,0.00,0.00,27.9,17.9,27.6,17.7,30.3,19.4,26.7,17.1,WAGF2W,WAGF2W,40,40,7.45,2.27,29.6,18.0,90,9.83,9.77,8.95,8.88,10.71,10.67,10.99,12.42,NA,0,NA,NA
WA220,W3,NA,NA,NA,NA,05/02/24,11/21/25,41,528,NA,889,949,Mixed,Unknown,7han,32GYU,NA,19,19,19,0,0,0.00,0,0,0.00,0,0.00,0.00,0.00,0.00,0.00,0.00,0,0.00,74.48,3.92,0.00,0.00,0.00,0.00,30.4,18.5,28.4,17.3,28.9,17.7,26.8,16.3,WAGF1W,WAGF1W,40,40,1.46,1.64,24.7,15.0,0,7.65,7.83,11.60,11.62,14.44,14.45,18.59,18.90,NA,0,NA,NA
WAGF2201,203,NA,NA,NA,NA,04/10/23,01/01/25,429,204,NA,837,"1,283",Heifer,Unknown,4ers,33ing,NA,9,9,9,0,0,0.00,0,0,0.00,0,1.00,11.11,0.00,0.00,1.00,11.11,0,0.00,130.53,14.50,23.94,2.66,5.44,0.60,37.7,23.0,38.3,23.3,38.9,23.7,37.9,23.1,WAGF1W,WAGF1W,40,40,1.04,2.11,33.8,20.2,238,1.14,1.19,2.34,2.40,2.58,2.66,11.87,12.65,NA,0,NA,NA
WAGF2201,306,NA,NA,NA,NA,04/10/23,11/29/24,429,171,NA,329,"1,078",Steer,Unknown,4ers,34ing,NA,30,30,30,0,0,0.00,0,0,0.00,0,12.00,40.00,5.00,41.67,24.00,80.00,0,0.00,375.81,12.53,0.00,0.00,416.51,13.88,32.5,19.8,33.0,20.1,32.9,20.1,32.5,19.9,WAGF1W,WAGF1W,40,40,1.75,0.74,26.7,16.0,241,3.72,3.58,3.98,3.88,3.03,2.98,12.77,13.73,NA,0,NA,NA
WAGF2201,406,NA,NA,NA,NA,04/10/23,11/29/24,429,171,NA,386,"1,082",Steer,Unknown,4ers,33ing,NA,13,13,13,0,0,0.00,0,0,0.00,0,1.00,7.69,0.00,0.00,1.00,7.69,0,0.00,145.20,11.17,0.00,0.00,19.15,1.47,39.5,24.1,39.3,23.9,40.5,24.7,40.0,24.4,WAGF1W,WAGF1W,40,40,1.62,0.97,35.0,20.9,238,3.63,3.64,3.74,3.75,4.24,4.19,12.94,13.70,NA,0,NA,NA
WAGF2201,409SO,NA,NA,NA,NA,11/02/23,12/05/24,223,177,NA,700,"1,479",Steer,Unknown,4ers,30gyu,NA,1,1,1,0,0,0.00,0,0,0.00,0,0.00,0.00,0.00,0.00,0.00,0.00,0,0.00,3.70,3.70,0.00,0.00,0.00,0.00,27.9,17.9,27.6,17.7,30.3,19.4,26.7,17.1,WAGF2W,WAGF2W,40,40,3.49,1.55,29.6,18.0,90,9.83,9.77,8.95,8.88,10.71,10.67,10.99,12.42,NA,0,NA,NA
WAGF2202,203,NA,NA,NA,NA,05/01/23,10/06/24,408,117,NA,450,"1,241",Heifer,Unknown,4ers,34ing,NA,11,11,11,0,0,0.00,0,0,0.00,0,1.00,9.09,0.00,0.00,1.00,9.09,0,0.00,132.33,12.03,28.60,2.60,2.73,0.25,37.7,23.0,38.3,23.3,38.9,23.7,37.9,23.1,WAGF1W,WAGF1W,40,40,1.94,0.91,33.8,20.2,238,1.14,1.19,2.34,2.40,2.58,2.66,11.87,12.65,NA,0,NA,NA
WAGF2202,406,NA,NA,NA,NA,05/01/23,03/30/25,408,292,NA,450,"1,135",Steer,Unknown,4ers,34ing,NA,12,12,12,0,0,0.00,0,0,0.00,0,1.00,8.33,0.00,0.00,1.00,8.33,0,0.00,144.36,12.03,0.00,0.00,3.25,0.27,39.5,24.1,39.3,23.9,40.5,24.7,40.0,24.4,WAGF1W,WAGF1W,40,40,1.68,0.94,35.0,20.9,238,3.63,3.64,3.74,3.75,4.24,4.19,12.94,13.70,NA,0,NA,NA
WAGU203,407,NA,NA,NA,NA,12/26/22,03/24/24,534,-79,NA,524,"1,706",Heifer,Unknown,4ers,34ing,NA,33,33,33,0,0,0.00,0,0,0.00,0,0.00,0.00,0.00,0.00,0.00,0.00,0,0.00,461.15,13.97,524.70,15.90,0.00,0.00,34.5,22.1,34.2,21.9,36.0,23.1,35.4,22.7,WAGF2W,WAGF2W,40,40,2.21,0.76,36.2,22.6,369,4.50,4.58,4.58,4.59,6.15,6.17,12.63,12.85,NA,0,NA,NA
WAGU203,408,NA,NA,NA,NA,12/26/22,03/24/24,534,-79,NA,524,"1,801",Steer,Unknown,4ers,34ing,NA,21,21,21,0,0,0.00,0,0,0.00,0,1.00,4.76,0.00,0.00,1.00,4.76,0,0.00,294.15,14.01,31.50,1.50,17.29,0.82,37.7,24.1,36.9,23.7,39.0,25.0,39.0,25.0,WAGF2W,WAGF2W,40,40,2.39,0.78,37.7,23.6,369,4.32,4.43,4.59,4.68,6.31,6.34,11.28,11.75,NA,0,NA,NA
WAGU203,SO4,NA,NA,NA,NA,12/26/22,03/24/24,534,-79,NA,524,"1,801",Steer,Unknown,4ers,34ing,NA,7,2,2,0,0,0.00,5,0,0.00,0,2.00,28.57,0.00,0.00,2.00,28.57,0,0.00,98.05,14.01,10.50,1.50,37.02,5.29,30.2,19.3,28.6,18.3,31.2,20.0,32.6,20.9,NA,DFTPHS,2,2,2.39,0.71,33.8,21.1,369,10.91,10.94,13.48,13.51,12.43,12.43,11.40,11.57,NA,0,NA,NA
WAGU204,407,NA,NA,NA,NA,01/11/23,06/18/24,518,7,NA,500,"1,706",Heifer,Unknown,4ers,34ing,NA,17,16,16,0,0,0.00,0,1,5.88,0,4.00,23.53,1.00,25.00,5.00,29.41,0,0.00,399.35,23.49,254.40,14.96,94.02,5.53,34.5,22.1,34.2,21.9,36.0,23.1,35.4,22.7,WAGF2W,WAGF2W,40,40,2.33,0.78,36.2,22.6,369,4.50,4.58,4.58,4.59,6.15,6.17,12.63,12.85,yellow ranch tags--lime green WAG tags,0,NA,NA
WAGU204,408,NA,NA,NA,NA,01/11/23,06/18/24,518,7,NA,500,"1,802",Steer,Unknown,4ers,34ing,NA,17,17,17,0,0,0.00,0,0,0.00,0,5.00,29.41,0.00,0.00,5.00,29.41,0,0.00,411.72,24.22,24.00,1.41,93.72,5.51,37.7,24.1,36.9,23.7,39.0,25.0,39.0,25.0,WAGF2W,WAGF2W,40,40,2.51,0.81,37.7,23.6,369,4.32,4.43,4.59,4.68,6.31,6.34,11.28,11.75,yellow ranch tags--lime green WAG tags,0,NA,NA
WAGU204X,403,NA,NA,NA,NA,01/11/23,06/18/24,518,7,NA,500,"1,524",Heifer,Unknown,4ers,34ing,NA,16,16,16,0,0,0.00,0,0,0.00,0,0.00,0.00,0.00,0.00,0.00,0.00,0,0.00,231.84,14.49,0.00,0.00,0.00,0.00,26.5,16.9,24.5,15.7,27.4,17.5,29.4,18.9,WAGF2W,WAGF2W,40,40,1.98,0.64,28.6,17.9,327,15.66,15.58,20.25,20.34,17.28,17.30,12.03,12.33,blue ranch tags--Lime green WAG tags- purebreds,0,NA,NA
WAGU204X,409,NA,NA,NA,NA,01/11/23,06/18/24,518,7,NA,500,"1,616",Steer,Unknown,4ers,34ing,NA,18,18,18,0,0,0.00,0,0,0.00,0,3.00,16.67,1.00,33.33,5.00,27.78,0,0.00,260.82,14.49,0.00,0.00,102.29,5.68,27.3,17.5,29.1,18.6,32.6,20.9,27.4,17.5,WAGF2W,WAGF2W,40,40,2.15,0.66,30.4,19.0,327,2.63,2.65,7.81,7.88,12.70,12.66,14.15,14.52,blue ranch tags--Lime green WAG tags- purebreds,0,NA,NA
WAGU205,407,NA,NA,NA,NA,01/11/23,06/18/24,518,7,NA,450,"1,706",Heifer,Unknown,4ers,34ing,NA,33,31,31,0,0,0.00,0,2,6.06,0,8.00,24.24,1.00,12.50,9.00,27.27,0,0.00,"1,025.04",31.06,510.93,15.48,193.97,5.88,34.5,22.1,34.2,21.9,36.0,23.1,35.4,22.7,WAGF2W,WAGF2W,40,40,2.42,0.76,36.2,22.6,369,4.50,4.58,4.58,4.59,6.15,6.17,12.63,12.85,random ranch tags..yellow WAG tags,0,NA,NA
WAGU205,408,NA,NA,NA,NA,01/11/23,06/18/24,518,7,NA,450,"1,802",Steer,Unknown,4ers,34ing,NA,26,25,25,0,0,0.00,0,1,3.85,0,13.00,50.00,2.00,15.38,17.00,65.38,0,0.00,801.23,30.82,49.53,1.91,351.44,13.52,37.7,24.1,36.9,23.7,39.0,25.0,39.0,25.0,WAGF2W,WAGF2W,40,40,2.61,0.81,37.7,23.6,369,4.32,4.43,4.59,4.68,6.31,6.34,11.28,11.75,random ranch tags..yellow WAG tags,0,NA,NA
WAGU206,407,NA,NA,NA,NA,01/12/23,05/25/24,517,-17,NA,550,"1,706",Heifer,Unknown,4ers,34ing,NA,38,37,37,0,0,0.00,0,1,2.63,0,4.00,10.53,0.00,0.00,4.00,10.53,0,0.00,904.62,23.81,0.00,0.00,60.25,1.59,34.5,22.1,34.2,21.9,36.0,23.1,35.4,22.7,WAGF2W,WAGF2W,40,40,2.24,0.78,36.2,22.6,369,4.50,4.58,4.58,4.59,6.15,6.17,12.63,12.85,NA,0,NA,NA
WAGU206,408,NA,NA,NA,NA,01/12/23,05/25/24,517,-17,NA,550,"1,801",Steer,Unknown,4ers,34ing,NA,30,30,30,0,0,0.00,0,0,0.00,0,3.00,10.00,0.00,0.00,3.00,10.00,0,0.00,713.57,23.79,0.00,0.00,40.22,1.34,37.7,24.1,36.9,23.7,39.0,25.0,39.0,25.0,WAGF2W,WAGF2W,40,40,2.42,0.81,37.7,23.6,369,4.32,4.43,4.59,4.68,6.31,6.34,11.28,11.75,NA,0,NA,NA
WAGU207,407,NA,NA,NA,NA,01/30/23,02/08/24,499,-124,NA,700,"1,706",Heifer,Unknown,4ers,34ing,NA,16,16,16,0,0,0.00,0,0,0.00,0,3.00,18.75,1.00,33.33,4.00,25.00,0,0.00,250.72,15.67,0.00,0.00,68.94,4.31,34.5,22.1,34.2,21.9,36.0,23.1,35.4,22.7,WAGF2W,WAGF2W,40,40,2.02,0.81,36.2,22.6,369,4.50,4.58,4.58,4.59,6.15,6.17,12.63,12.85,Syracuse--hfrs--Red Wag Tags,0,NA,NA
WAGU207,408,NA,NA,NA,NA,01/30/23,02/08/24,499,-124,NA,700,"1,801",Steer,Unknown,4ers,34ing,NA,64,63,62,0,0,0.00,0,1,1.56,0,3.00,4.69,1.00,33.33,7.00,10.94,0,0.00,"1,008.00",15.75,0.00,0.00,206.51,3.23,37.7,24.1,36.9,23.7,39.0,25.0,39.0,25.0,WAGF2W,WAGF2W,40,40,2.21,0.83,37.7,23.6,369,4.32,4.43,4.59,4.68,6.31,6.34,11.28,11.75,Syracuse--Steers--Red Wag Tags,0,NA,NA
WAGU208,407,ORANGE,NA,NA,NA,04/24/23,05/03/24,415,-39,NA,750,"2,641",Heifer,Unknown,4ers,34ing,NA,5,5,5,0,0,0.00,0,0,0.00,0,0.00,0.00,0.00,0.00,0.00,0.00,0,0.00,68.15,13.63,0.00,0.00,0.00,0.00,34.5,22.1,34.2,21.9,36.0,23.1,35.4,22.7,WAGF2W,WAGF2W,40,40,4.56,0.97,36.2,22.6,369,4.50,4.58,4.58,4.59,6.15,6.17,12.63,12.85,NA,0,NA,NA
WAGU208,408,ORANGE,NA,NA,NA,02/02/23,01/17/24,496,-146,NA,721,"1,950",Steer,Unknown,4ers,34ing,NA,7,7,7,0,0,0.00,0,0,0.00,0,1.00,14.29,0.00,0.00,1.00,14.29,0,0.00,100.57,14.37,0.00,0.00,7.33,1.05,37.7,24.1,36.9,23.7,39.0,25.0,39.0,25.0,WAGF2W,WAGF2W,40,40,2.48,0.93,37.7,23.6,369,4.32,4.43,4.59,4.68,6.31,6.34,11.28,11.75,NA,0,NA,NA
WAGU208X,403,ORANGE,NA,NA,NA,02/02/23,01/18/24,496,-145,NA,700,"1,559",Heifer,Unknown,4ers,34ing,NA,1,1,1,0,0,0.00,0,0,0.00,0,0.00,0.00,0.00,0.00,0.00,0.00,0,0.00,15.07,15.07,0.00,0.00,0.00,0.00,26.5,16.9,24.5,15.7,27.4,17.5,29.4,18.9,WAGF2W,WAGF2W,40,40,1.73,0.68,28.6,17.9,327,15.66,15.58,20.25,20.34,17.28,17.30,12.03,12.33,NA,0,NA,NA
WAGU208X,409,ORANGE,NA,NA,NA,02/02/23,01/18/24,496,-145,NA,738,"1,630",Steer,Unknown,4ers,33ing,NA,13,13,13,0,0,0.00,0,0,0.00,0,4.00,30.77,2.00,50.00,7.00,53.85,0,0.00,197.34,15.18,0.00,0.00,216.71,16.67,27.3,17.5,29.1,18.6,32.6,20.9,27.4,17.5,WAGF2W,WAGF2W,40,40,1.80,0.80,30.4,19.0,327,2.63,2.65,7.81,7.88,12.70,12.66,14.15,14.52,NA,0,NA,NA
WAGU209X,403,NA,NA,NA,NA,02/15/23,05/09/24,483,-33,NA,500,"1,524",Heifer,Unknown,4ers,34ing,NA,13,13,13,0,0,0.00,0,0,0.00,0,12.00,92.31,3.00,25.00,15.00,115.38,0,0.00,240.76,18.52,0.00,0.00,197.97,15.23,26.5,16.9,24.5,15.7,27.4,17.5,29.4,18.9,WAGF2W,WAGF2W,40,40,2.12,0.69,28.6,17.9,327,15.66,15.58,20.25,20.34,17.28,17.30,12.03,12.33,NA,0,NA,NA
WAGU209X,409,NA,NA,NA,NA,02/15/23,05/09/24,483,-33,NA,500,"1,616",Steer,Unknown,4ers,34ing,NA,10,10,10,0,0,0.00,0,0,0.00,0,10.00,100.00,1.00,10.00,12.00,120.00,0,0.00,185.20,18.52,0.00,0.00,164.77,16.48,27.3,17.5,29.1,18.6,32.6,20.9,27.4,17.5,WAGF2W,WAGF2W,40,40,2.31,0.70,30.4,19.0,327,2.63,2.65,7.81,7.88,12.70,12.66,14.15,14.52,NA,0,NA,NA
WAGU209X,SO4,NA,NA,NA,NA,02/15/23,05/09/24,483,-33,NA,500,"1,524",Steer,Unknown,4ers,34ing,NA,7,4,4,0,0,0.00,3,0,0.00,0,4.00,57.14,0.00,0.00,4.00,57.14,0,0.00,129.64,18.52,0.00,0.00,50.80,7.26,30.2,19.3,28.6,18.3,31.2,20.0,32.6,20.9,NA,DFTPHS,2,2,2.12,0.66,33.8,21.1,369,10.91,10.94,13.48,13.51,12.43,12.43,11.40,11.57,NA,0,NA,NA
WAGU211,403,NA,NA,NA,NA,05/03/23,08/20/24,406,70,NA,763,"1,521",Heifer,Unknown,4ers,33ing,NA,35,35,35,0,0,0.00,0,0,0.00,0,4.00,11.43,0.00,0.00,4.00,11.43,0,0.00,133.96,3.83,0.00,0.00,23.10,0.66,26.5,16.9,24.5,15.7,27.4,17.5,29.4,18.9,WAGF2W,WAGF2W,40,40,1.87,0.83,28.6,17.9,327,15.66,15.58,20.25,20.34,17.28,17.30,12.03,12.33,NA,0,NA,NA
WAGU211,409,NA,NA,NA,NA,05/03/23,05/11/24,406,-31,NA,750,"1,616",Steer,Unknown,4ers,34ing,NA,20,20,20,0,0,0.00,0,0,0.00,0,0.00,0.00,0.00,0.00,0.00,0.00,0,0.00,78.80,3.94,0.00,0.00,0.00,0.00,27.3,17.5,29.1,18.6,32.6,20.9,27.4,17.5,WAGF2W,WAGF2W,40,40,2.13,0.84,30.4,19.0,327,2.63,2.65,7.81,7.88,12.70,12.66,14.15,14.52,NA,0,NA,NA
WAGU212,E5,NA,NA,NA,NA,03/13/24,09/04/24,91,85,NA,"1,200","1,382",Mixed,Unknown,4ers,19NA,NA,16,15,15,0,0,0.00,0,1,6.25,0,0.00,0.00,0.00,0.00,0.00,0.00,0,0.00,48.00,3.00,0.00,0.00,0.00,0.00,31.8,20.4,28.0,17.9,29.3,18.8,33.3,21.4,WAGF2W,WAGF2W,40,40,2.00,2.04,26.2,16.5,0,7.05,7.04,19.21,19.30,15.35,15.37,21.17,21.46,NA,0,NA,NA
WF2203,203,NA,NA,NA,NA,05/24/23,02/28/25,385,262,NA,529,"1,176",Heifer,Unknown,4ers,34ing,NA,24,24,24,0,0,0.00,0,0,0.00,0,10.00,41.67,1.00,10.00,11.00,45.83,0,0.00,288.72,12.03,61.92,2.58,177.18,7.38,37.7,23.0,38.3,23.3,38.9,23.7,37.9,23.1,WAGF1W,WAGF1W,40,40,1.68,0.98,33.8,20.2,238,1.14,1.19,2.34,2.40,2.58,2.66,11.87,12.65,NA,0,NA,NA
WF2203,406,NA,NA,NA,NA,05/24/23,02/28/25,385,262,NA,529,"1,105",Steer,Unknown,4ers,34ing,NA,39,38,38,0,0,0.00,1,0,0.00,0,8.00,20.51,4.00,50.00,13.00,33.33,1,2.56,469.17,12.03,0.00,0.00,322.16,8.26,39.5,24.1,39.3,23.9,40.5,24.7,40.0,24.4,WAGF1W,WAGF1W,40,40,1.50,0.99,35.0,20.9,238,3.63,3.64,3.74,3.75,4.24,4.19,12.94,13.70,NA,0,NA,NA
WF2204,203,NA,NA,NA,NA,06/08/23,04/04/25,370,297,NA,500,"1,143",Heifer,Unknown,4ers,30gyu,NA,25,25,25,0,0,0.00,0,0,0.00,0,4.00,16.00,2.00,50.00,7.00,28.00,0,0.00,293.75,11.75,63.50,2.54,150.63,6.03,37.7,23.0,38.3,23.3,38.9,23.7,37.9,23.1,WAGF1W,WAGF1W,40,40,1.74,1.01,33.8,20.2,238,1.14,1.19,2.34,2.40,2.58,2.66,11.87,12.65,Weins Wagyu..F1 Hfrs,0,NA,NA
WF2204,306,NA,NA,NA,NA,06/08/23,04/04/25,370,297,NA,500,"1,055",Steer,Unknown,4ers,30gyu,NA,17,15,15,0,0,0.00,2,0,0.00,0,10.00,58.82,5.00,50.00,24.00,141.18,2,11.76,199.75,11.75,0.00,0.00,520.87,30.64,32.5,19.8,33.0,20.1,32.9,20.1,32.5,19.9,WAGF1W,WAGF1W,40,40,1.50,0.81,26.7,16.0,241,3.72,3.58,3.98,3.88,3.03,2.98,12.77,13.73,Weins Wagyu fullbloods,0,NA,NA
WF2204,406,NA,NA,NA,NA,06/08/23,04/04/25,370,297,NA,500,"1,055",Steer,Unknown,4ers,30gyu,NA,14,14,14,0,0,0.00,0,0,0.00,0,3.00,21.43,1.00,33.33,4.00,28.57,0,0.00,164.50,11.75,0.00,0.00,122.79,8.77,39.5,24.1,39.3,23.9,40.5,24.7,40.0,24.4,WAGF1W,WAGF1W,40,40,1.50,1.03,35.0,20.9,238,3.63,3.64,3.74,3.75,4.24,4.19,12.94,13.70,NA,0,NA,NA
WF2205,108,NA,NA,NA,NA,06/08/23,04/04/25,370,297,NA,450,"1,021",Mixed,Unknown,8ate,35gyu,NA,12,12,12,0,0,0.00,0,0,0.00,0,2.00,16.67,0.00,0.00,2.00,16.67,0,0.00,123.72,10.31,0.00,0.00,40.78,3.40,41.5,25.3,41.8,25.5,42.0,25.6,38.8,23.7,WAGF1W,WAGF1W,40,40,1.54,1.01,33.2,19.8,179,6.35,6.25,4.88,4.81,4.87,4.80,347.49,345.62,Wheat State Wagyu..Purple Wag Tags,0,NA,NA
WF2205,407,NA,NA,NA,NA,03/14/24,09/04/24,90,85,NA,"1,200","1,380",Mixed,Unknown,8ate,35gyu,NA,4,4,4,0,0,0.00,0,0,0.00,0,0.00,0.00,0.00,0.00,0.00,0.00,0,0.00,12.00,3.00,0.00,0.00,0.00,0.00,34.5,22.1,34.2,21.9,36.0,23.1,35.4,22.7,WAGF2W,WAGF2W,40,40,2.00,2.77,36.2,22.6,369,4.50,4.58,4.58,4.59,6.15,6.17,12.63,12.85,Wheat State Wagyu..Purple Wag Tags,0,NA,NA
WF2206,108,NA,NA,NA,NA,06/17/23,10/03/24,361,114,NA,550,"1,165",Steer,Unknown,9Jim,36gyu,NA,13,13,13,0,0,0.00,0,0,0.00,0,5.00,38.46,1.00,20.00,6.00,46.15,0,0.00,78.00,6.00,0.00,0.00,101.06,7.77,41.5,25.3,41.8,25.5,42.0,25.6,38.8,23.7,WAGF1W,WAGF1W,40,40,1.70,1.04,33.2,19.8,179,6.35,6.25,4.88,4.81,4.87,4.80,347.49,345.62,NA,0,NA,NA
WF2207,304,NA,NA,NA,NA,06/26/23,04/22/25,352,315,NA,584,989,Steer,Unknown,10der,37GYU,NA,33,32,32,0,0,0.00,1,0,0.00,0,10.00,30.30,4.00,40.00,21.00,63.64,1,3.03,232.95,7.06,80.00,2.42,478.98,14.51,28.7,17.5,29.1,17.7,30.7,18.7,28.4,17.3,WAGF1W,WAGF1W,40,40,1.15,1.20,27.8,16.6,161,4.95,5.06,5.33,5.42,7.92,7.93,14.40,14.89,NA,0,NA,NA
WF2208,306,NA,NA,NA,NA,06/30/23,04/26/25,348,319,NA,500,"1,021",Steer,Unknown,4ers,30gyu,NA,5,4,4,0,0,0.00,0,1,20.00,0,4.00,80.00,1.00,25.00,6.00,120.00,0,0.00,88.40,17.68,0.00,0.00,82.54,16.51,32.5,19.8,33.0,20.1,32.9,20.1,32.5,19.9,WAGF1W,WAGF1W,40,40,1.50,0.87,26.7,16.0,241,3.72,3.58,3.98,3.88,3.03,2.98,12.77,13.73,NA,0,NA,NA
WF2209,203,NA,NA,NA,NA,08/08/23,07/24/25,309,408,NA,425,"1,010",Heifer,Unknown,4ers,30gyu,NA,45,44,44,0,0,0.00,0,1,2.22,0,10.00,22.22,1.00,10.00,11.00,24.44,0,0.00,660.60,14.68,234.08,5.20,159.02,3.53,37.7,23.0,38.3,23.3,38.9,23.7,37.9,23.1,WAGF1W,WAGF1W,40,40,1.89,1.21,33.8,20.2,238,1.14,1.19,2.34,2.40,2.58,2.66,11.87,12.65,NA,0,NA,NA
WF2209,406,NA,NA,NA,NA,08/08/23,07/24/25,309,408,NA,425,887,Steer,Unknown,4ers,30gyu,NA,48,48,48,0,0,0.00,0,0,0.00,0,16.00,33.33,1.00,6.25,17.00,35.42,0,0.00,704.64,14.68,35.52,0.74,126.80,2.64,39.5,24.1,39.3,23.9,40.5,24.7,40.0,24.4,WAGF1W,WAGF1W,40,40,1.50,1.24,35.0,20.9,238,3.63,3.64,3.74,3.75,4.24,4.19,12.94,13.70,NA,0,NA,NA
WF2210,203,ORANGE,NA,NA,NA,09/08/23,06/01/25,278,355,NA,550,"1,122",Mixed,Unknown,4ers,38rms,"Coates, Andrew",8,8,8,0,0,0.00,0,0,0.00,0,1.00,12.50,0.00,0.00,1.00,12.50,0,0.00,113.52,14.19,20.16,2.52,5.05,0.63,37.7,23.0,38.3,23.3,38.9,23.7,37.9,23.1,WAGF1W,WAGF1W,40,40,2.06,1.35,33.8,20.2,238,1.14,1.19,2.34,2.40,2.58,2.66,11.87,12.65,NA,0,NA,NA
WF2210,406,ORANGE,NA,NA,NA,09/08/23,06/01/25,278,355,NA,550,966,Mixed,Unknown,4ers,38rms,"Coates, Andrew",6,6,6,0,0,0.00,0,0,0.00,0,0.00,0.00,0.00,0.00,0.00,0.00,0,0.00,85.74,14.29,0.00,0.00,0.00,0.00,39.5,24.1,39.3,23.9,40.5,24.7,40.0,24.4,WAGF1W,WAGF1W,40,40,1.50,1.38,35.0,20.9,238,3.63,3.64,3.74,3.75,4.24,4.19,12.94,13.70,NA,0,NA,NA
WF2211,203,NA,NA,NA,NA,02/21/24,04/20/25,112,313,NA,700,"1,000",Mixed,Unknown,4ers,39ers,NA,68,68,68,0,0,0.00,0,0,0.00,0,1.00,1.47,0.00,0.00,1.00,1.47,0,0.00,"1,443.06",21.22,160.48,2.36,26.59,0.39,37.7,23.0,38.3,23.3,38.9,23.7,37.9,23.1,WAGF1W,WAGF1W,40,40,2.68,2.69,33.8,20.2,238,1.14,1.19,2.34,2.40,2.58,2.66,11.87,12.65,NA,0,NA,NA
WF2211,303,NA,NA,NA,NA,02/21/24,04/20/25,112,313,NA,700,924,Mixed,Unknown,4ers,39ers,NA,20,20,20,0,0,0.00,0,0,0.00,0,0.00,0.00,0.00,0.00,0.00,0.00,0,0.00,397.09,19.85,0.00,0.00,0.00,0.00,37.1,22.6,36.9,22.5,37.1,22.7,37.5,22.9,WAGF1W,WAGF1W,40,40,2.00,2.48,29.1,17.4,61,1.55,1.64,2.22,2.31,2.12,2.16,25.69,26.02,NA,0,NA,NA
WF2211,406,NA,NA,NA,NA,02/21/24,04/20/25,112,313,NA,700,924,Mixed,Unknown,4ers,39ers,NA,72,72,72,0,0,0.00,0,0,0.00,0,1.00,1.39,0.00,0.00,1.00,1.39,0,0.00,"1,205.19",16.74,0.00,0.00,27.16,0.38,39.5,24.1,39.3,23.9,40.5,24.7,40.0,24.4,WAGF1W,WAGF1W,40,40,2.00,2.68,35.0,20.9,238,3.63,3.64,3.74,3.75,4.24,4.19,12.94,13.70,NA,0,NA,NA
WF2211,HAYPEN,NA,NA,NA,NA,02/21/24,04/20/25,112,313,NA,700,924,Mixed,Unknown,4ers,39ers,NA,1,1,1,0,0,0.00,0,0,0.00,0,0.00,0.00,0.00,0.00,0.00,0.00,0,0.00,21.22,21.22,0.00,0.00,0.00,0.00,0.0,0.0,0.8,0.4,0.8,0.4,0.0,0.0,NA,DFTPHS,138,138,2.00,3.43,14.9,8.6,0,0.00,0.00,0.00,0.00,10.83,15.56,74.57,75.33,NA,0,NA,NA
WF2301,E2,NA,NA,NA,NA,04/25/24,11/20/25,48,527,NA,400,496,Mixed,Unknown,4ers,30gyu,NA,51,51,51,0,0,0.00,0,0,0.00,0,4.00,7.84,0.00,0.00,4.00,7.84,0,0.00,174.42,3.42,0.00,0.00,60.22,1.18,23.7,13.1,24.5,13.5,24.1,13.3,23.5,13.0,WAGF1X,GRASS,41,42,2.00,1.57,19.9,11.0,0,3.35,3.33,5.39,5.19,5.70,5.58,21.05,21.09,NA,0,NA,NA
WF2302,E3,NA,NA,NA,NA,06/05/24,12/23/25,7,560,NA,700,711,Mixed,Unknown,11INS,40GYU,NA,22,22,22,0,0,0.00,0,0,0.00,0,0.00,0.00,0.00,0.00,0.00,0.00,0,0.00,0.00,0.00,0.00,0.00,0.00,0.00,19.1,12.2,17.8,11.4,17.8,11.4,17.3,11.1,WAGF2W,WAGF2W,9,9,1.57,1.33,15.3,9.8,0,6.55,6.42,12.03,11.90,12.03,11.90,12.03,11.90,NA,0,NA,NA
WF2302,W2,NA,NA,NA,NA,05/31/24,04/30/26,12,688,NA,500,518,Mixed,Unknown,11INS,40GYU,NA,61,61,61,0,0,0.00,0,0,0.00,0,0.00,0.00,0.00,0.00,0.00,0.00,0,0.00,0.00,0.00,0.00,0.00,0.00,0.00,14.3,7.9,14.2,7.8,12.9,7.2,14.4,8.0,GRASS,GRASS,12,12,1.50,1.05,11.8,6.6,0,4.28,4.15,5.68,5.58,14.79,13.88,14.79,13.88,NA,0,NA,NA
WF2303,W1,NA,NA,NA,NA,06/07/24,04/04/26,5,662,NA,550,558,Mixed,Unknown,12D 3,41GYU,NA,21,21,21,0,0,0.00,0,0,0.00,0,0.00,0.00,0.00,0.00,0.00,0.00,0,0.00,0.00,0.00,0.00,0.00,0.00,0.00,8.1,4.5,8.1,4.5,8.1,4.5,11.4,6.3,WAGF1W,GRASS,4,5,1.60,0.77,5.4,3.0,0,58.08,58.11,58.08,58.11,58.08,58.11,81.95,81.98,NA,0,NA,NA
WS2205,108,NA,NA,NA,NA,12/07/23,12/28/25,188,565,NA,45,"1,032",Mixed,Unknown,8ate,35gyu,NA,45,43,43,0,0,0.00,1,1,2.22,0,5.00,11.11,2.00,40.00,10.00,22.22,1,2.22,394.59,8.77,0.00,0.00,237.12,5.27,41.5,25.3,41.8,25.5,42.0,25.6,38.8,23.7,WAGF1W,WAGF1W,40,40,5.25,2.02,33.2,19.8,179,6.35,6.25,4.88,4.81,4.87,4.80,347.49,345.62,purple wag tags,0,NA,NA
WS2301,305,NA,NA,NA,NA,10/28/23,06/18/25,228,372,NA,300,780,Steer,Unknown,4ers,19NA,NA,10,6,6,0,0,0.00,2,2,20.00,0,6.00,60.00,5.00,83.33,19.00,190.00,2,20.00,140.20,14.02,0.00,0.00,279.36,27.94,27.2,16.6,27.5,16.8,27.4,16.7,27.3,16.7,WAGF1W,WAGF1W,40,40,2.11,1.02,20.8,12.5,57,1.62,1.65,1.91,1.90,2.51,2.53,17.70,17.99,NA,0,NA,NA
WS2302,303,NA,NA,NA,NA,11/02/23,01/30/24,223,-133,NA,450,"3,130",Mixed,Unknown,4ers,30gyu,NA,12,11,11,0,0,0.00,0,1,8.33,0,6.00,50.00,2.00,33.33,8.00,66.67,0,0.00,136.78,11.40,0.00,0.00,186.50,15.54,37.1,22.6,36.9,22.5,37.1,22.7,37.5,22.9,WAGF1W,WAGF1W,40,40,12.02,1.49,29.1,17.4,61,1.55,1.64,2.22,2.31,2.12,2.16,25.69,26.02,NA,0,NA,NA
WS2303,305,NA,NA,NA,NA,11/09/23,07/27/25,216,411,NA,407,813,Mixed,Unknown,4ers,42iry,NA,120,115,115,0,0,0.00,1,4,3.33,0,21.00,17.50,6.00,28.57,29.00,24.17,1,0.83,"1,520.02",12.67,0.00,0.00,459.21,3.83,27.2,16.6,27.5,16.8,27.4,16.7,27.3,16.7,WAGF1W,WAGF1W,40,40,1.88,1.25,20.8,12.5,57,1.62,1.65,1.91,1.90,2.51,2.53,17.70,17.99,NA,0,NA,NA
WS2304,303,NA,NA,NA,NA,12/05/23,01/09/26,190,577,NA,400,757,Mixed,Unknown,4ers,38rms,"Coates, Andrew",43,41,41,0,0,0.00,2,0,0.00,0,8.00,18.60,3.00,37.50,12.00,27.91,2,4.65,800.66,18.62,0.00,0.00,260.12,6.05,37.1,22.6,36.9,22.5,37.1,22.7,37.5,22.9,WAGF1W,WAGF1W,40,40,1.88,1.77,29.1,17.4,61,1.55,1.64,2.22,2.31,2.12,2.16,25.69,26.02,NA,0,NA,NA
WS2304,SO2,NA,NA,NA,NA,12/05/23,01/09/26,190,577,NA,400,756,Mixed,Unknown,4ers,38rms,"Coates, Andrew",1,1,1,0,0,0.00,0,0,0.00,0,1.00,100.00,0.00,0.00,1.00,100.00,0,0.00,18.62,18.62,0.00,0.00,31.19,31.19,32.9,18.6,33.1,18.7,32.4,18.3,32.2,18.1,NA,DFTPHS,6,6,1.87,1.78,26.2,14.8,0,1.53,1.59,4.43,4.37,4.19,4.06,27.71,26.84,NA,0,NA,NA
WS2305,303,NA,NA,NA,NA,12/20/23,05/27/25,175,350,NA,500,866,Mixed,Unknown,4ers,43CER,NA,77,76,76,0,0,0.00,1,0,0.00,0,10.00,12.99,3.00,30.00,16.00,20.78,1,1.30,"1,368.29",17.77,0.00,0.00,263.51,3.42,37.1,22.6,36.9,22.5,37.1,22.7,37.5,22.9,WAGF1W,WAGF1W,40,40,2.09,1.94,29.1,17.4,61,1.55,1.64,2.22,2.31,2.12,2.16,25.69,26.02,NA,0,NA,NA
WS2306,303,NA,NA,NA,NA,02/10/24,05/29/25,123,352,NA,600,846,Mixed,Unknown,4ers,19NA,NA,89,89,89,0,0,0.00,0,0,0.00,0,2.00,2.25,1.00,50.00,4.00,4.49,0,0.00,443.51,4.98,0.00,0.00,117.39,1.32,37.1,22.6,36.9,22.5,37.1,22.7,37.5,22.9,WAGF1W,WAGF1W,40,40,2.00,2.31,29.1,17.4,61,1.55,1.64,2.22,2.31,2.12,2.16,25.69,26.02,NA,0,NA,NA
WS2307,305,NA,NA,NA,NA,02/13/24,06/01/25,120,355,NA,600,840,Mixed,Unknown,4ers,19NA,NA,92,88,88,0,0,0.00,3,1,1.09,0,40.00,43.48,8.00,20.00,49.00,53.26,3,3.26,"1,202.44",13.07,0.00,0.00,"1,178.57",12.81,27.2,16.6,27.5,16.8,27.4,16.7,27.3,16.7,WAGF1W,WAGF1W,40,40,2.00,1.79,20.8,12.5,57,1.62,1.65,1.91,1.90,2.51,2.53,17.70,17.99,NA,0,NA,NA
WS2308,306,NA,NA,NA,NA,02/22/24,07/05/25,111,389,NA,550,772,Mixed,Unknown,4ers,44ely,NA,40,39,39,0,0,0.00,0,1,2.50,0,31.00,77.50,3.00,9.68,36.00,90.00,0,0.00,477.05,11.93,15.03,0.38,824.67,20.62,32.5,19.8,33.0,20.1,32.9,20.1,32.5,19.9,WAGF1W,WAGF1W,40,40,2.00,2.17,26.7,16.0,241,3.72,3.58,3.98,3.88,3.03,2.98,12.77,13.73,NA,0,NA,NA
WS2308,E1,NA,NA,NA,NA,02/22/24,07/05/25,111,389,NA,550,772,Mixed,Unknown,4ers,44ely,NA,32,32,32,0,0,0.00,0,0,0.00,0,10.00,31.25,3.00,30.00,13.00,40.63,0,0.00,318.76,9.96,0.00,0.00,365.44,11.42,26.6,16.2,26.0,15.9,25.3,15.4,25.0,15.3,WAGF1W,WAGF1W,40,40,2.00,1.65,18.5,11.1,0,3.63,3.55,5.38,5.35,7.18,7.20,26.47,27.21,NA,0,NA,NA
WS2309,303,NA,NA,NA,NA,03/06/24,05/29/25,98,352,NA,650,846,Mixed,Unknown,4ers,45nch,NA,34,34,34,0,0,0.00,0,0,0.00,0,0.00,0.00,0.00,0.00,0.00,0.00,0,0.00,598.40,17.60,0.00,0.00,0.00,0.00,37.1,22.6,36.9,22.5,37.1,22.7,37.5,22.9,WAGF1W,WAGF1W,40,40,2.00,2.35,29.1,17.4,61,1.55,1.64,2.22,2.31,2.12,2.16,25.69,26.02,NA,0,NA,NA
WS2310,W4,NA,NA,NA,NA,04/10/24,12/16/25,63,553,NA,679,762,Mixed,Unknown,13eff,46ney,NA,24,24,24,0,0,0.00,0,0,0.00,0,0.00,0.00,0.00,0.00,0.00,0.00,0,0.00,182.08,7.59,0.00,0.00,0.00,0.00,31.2,19.0,31.1,19.0,30.5,18.6,30.0,18.3,WAGF1W,WAGF1W,40,40,1.32,1.94,28.4,17.1,0,7.25,7.06,6.05,5.91,5.73,5.63,15.62,15.75,NA,0,NA,NA
WS2311,SO2,NA,NA,NA,NA,04/25/24,06/23/25,48,377,NA,700,796,Mixed,Unknown,14ett,47ght,NA,1,1,1,0,0,0.00,0,0,0.00,0,0.00,0.00,0.00,0.00,0.00,0.00,0,0.00,5.94,5.94,0.00,0.00,0.00,0.00,32.9,18.6,33.1,18.7,32.4,18.3,32.2,18.1,NA,DFTPHS,6,6,2.00,1.77,26.2,14.8,0,1.53,1.59,4.43,4.37,4.19,4.06,27.71,26.84,NA,0,NA,NA
WS2311,W3,NA,NA,NA,NA,04/25/24,06/23/25,48,377,NA,700,796,Mixed,Unknown,14ett,47ght,NA,11,11,11,0,0,0.00,0,0,0.00,0,0.00,0.00,0.00,0.00,0.00,0.00,0,0.00,65.34,5.94,0.00,0.00,0.00,0.00,30.4,18.5,28.4,17.3,28.9,17.7,26.8,16.3,WAGF1W,WAGF1W,40,40,2.00,1.77,24.7,15.0,0,7.65,7.83,11.60,11.62,14.44,14.45,18.59,18.90,NA,0,NA,NA
